Id,target
1,1.3943034
2,0.4352423
3,0.6090058
4,0.71558213
5,1.3168994
6,1.1027871
7,0.5697264
8,1.3752329
9,1.0168397
10,0.5867518
11,0.7210598
12,0.9773388
13,0.79283977
14,0.5230668
15,1.0623052
16,0.7468151
17,1.2752001
18,0.95965
19,1.1405139
20,1.6608025
21,0.78578424
22,0.7764389
23,0.8833684
24,0.43599445
25,1.1274418
26,1.1379749
27,0.5184864
28,0.8830665
29,0.59436816
30,0.65552354
31,0.47829804
32,1.2277594
33,1.4921383
34,0.7925808
35,0.63589454
36,1.5744057
37,0.7468574
38,1.0148501
39,0.57241404
40,0.7159618
41,1.0299071
42,0.5588414
43,1.5054339
44,0.6083066
45,0.48076972
46,0.6787838
47,0.80547476
48,0.62329066
49,0.42876154
50,1.4997429
51,0.5826291
52,0.8065657
53,0.59221107
54,0.80079585
55,1.1332226
56,1.8894316
57,0.9220628
58,0.61437535
59,0.8904168
60,0.8217342
61,0.8189224
62,1.6306987
63,1.2578764
64,0.4919425
65,0.65532845
66,0.8892482
67,0.48385322
68,0.64846
69,0.5854198
70,1.7829746
71,1.3230191
72,0.6456787
73,0.6312845
74,1.710869
75,1.0519472
76,0.47116542
77,0.6802902
78,1.0921926
79,0.748063
80,0.6042706
81,1.052415
82,1.0805597
83,0.5299184
84,0.74000967
85,0.41976205
86,0.9282954
87,0.7861888
88,1.4598687
89,0.6319577
90,1.1159767
91,0.93684065
92,1.1963084
93,0.5584659
94,0.51181567
95,0.53866345
96,1.2592509
97,0.72755754
98,0.60332185
99,0.6474171
100,1.2079502
101,0.85462314
102,1.0507394
103,1.7496487
104,1.3558134
105,1.124574
106,0.38216105
107,0.9272328
108,0.8456235
109,0.6007947
110,0.6911514
111,0.533607
112,0.4440495
113,0.6276224
114,0.62553036
115,2.111057
116,0.77580345
117,0.6851735
118,0.99261177
119,0.54034173
120,1.3379849
121,0.4358249
122,0.59971464
123,0.44442135
124,0.48708117
125,1.4131384
126,1.5310115
127,0.672462
128,0.55738527
129,1.9932508
130,1.3023616
131,1.1488031
132,0.91537505
133,0.63008326
134,0.44382554
135,1.1216295
136,1.3743596
137,1.4245348
138,0.47831872
139,0.46744078
140,1.6685599
141,0.91114986
142,0.9366928
143,0.67479074
144,0.83408475
145,0.80098647
146,0.44695494
147,0.62043184
148,1.3915452
149,0.71891946
150,0.6184858
151,1.1509986
152,0.50468725
153,0.6446397
154,1.3866366
155,0.85793924
156,0.853786
157,0.67514795
158,0.670885
159,1.4404913
160,1.1897576
161,0.9786287
162,0.7776959
163,0.9595197
164,0.63841325
165,0.9812622
166,0.82979685
167,0.4862791
168,0.94665825
169,0.9011867
170,0.61265504
171,0.75404584
172,1.0616987
173,1.0443692
174,0.52835846
175,0.9816862
176,0.8334583
177,0.7530099
178,0.5695518
179,0.52417946
180,0.5688703
181,0.4868466
182,0.91841143
183,0.40856227
184,0.6923928
185,0.54816335
186,0.8311822
187,1.240835
188,1.3879712
189,1.1271914
190,1.2342273
191,2.0156333
192,0.58004785
193,0.63565093
194,1.5473732
195,0.671941
196,0.43165633
197,0.91491836
198,0.44518906
199,0.98046726
200,0.9023445
201,0.54183114
202,0.93819624
203,0.9967546
204,0.40558705
205,1.3385637
206,0.4652831
207,1.531199
208,0.92903197
209,0.73095983
210,0.3811198
211,0.60063404
212,1.1420037
213,1.0126169
214,1.150706
215,1.3202026
216,0.8119616
217,0.6821814
218,1.191007
219,0.4720867
220,1.0302821
221,1.119149
222,0.8777636
223,0.62763774
224,0.4302291
225,0.81002885
226,0.7789035
227,0.66922563
228,1.285629
229,0.55572486
230,0.5527457
231,0.7146018
232,1.1370373
233,0.91632193
234,0.54455626
235,1.2101184
236,1.0335989
237,1.6178625
238,1.2775154
239,0.6775996
240,1.8626819
241,0.45685396
242,1.3813809
243,0.25479886
244,0.7639418
245,0.6125614
246,0.73522174
247,0.50139064
248,1.6071398
249,0.55905575
250,0.9846013
251,0.783496
252,0.56259906
253,0.8979872
254,0.4121156
255,0.5690163
256,0.8238406
257,1.011373
258,0.71367574
259,0.41825813
260,0.8262833
261,0.63372165
262,1.0647738
263,0.3972861
264,2.1458948
265,0.57378155
266,0.91147053
267,0.9657195
268,1.1282105
269,1.024792
270,0.68868554
271,0.66294014
272,1.357485
273,1.1354222
274,1.3989645
275,1.2072154
276,0.4652756
277,1.9073508
278,0.98496616
279,1.1103139
280,0.5794302
281,0.44783658
282,0.39335537
283,0.6870335
284,0.90351796
285,0.63479096
286,0.47455862
287,0.93855983
288,1.0392185
289,1.8486791
290,1.0069014
291,0.86360455
292,0.7893134
293,0.58114076
294,0.39334747
295,0.97548646
296,0.6660507
297,1.3004286
298,0.87278587
299,0.62599975
300,1.0134988
301,0.850994
302,0.5888795
303,2.0211997
304,0.58337873
305,0.60537297
306,0.56291544
307,0.4501377
308,0.80133694
309,0.73500234
310,0.9523344
311,0.5706249
312,0.8453913
313,0.6789396
314,0.6329432
315,0.70416397
316,0.92687917
317,0.5868475
318,0.5915946
319,1.0610608
320,0.8972286
321,0.6701314
322,0.6379324
323,1.5949513
324,1.3098216
325,0.67679524
326,0.43227637
327,0.6105244
328,0.38811332
329,1.3544002
330,0.8147468
331,0.58906573
332,0.82119125
333,1.0269978
334,0.6264675
335,0.8214162
336,0.6411935
337,0.5253824
338,0.63576335
339,1.7965564
340,0.8116288
341,0.44516248
342,0.94619936
343,1.0367391
344,0.8485393
345,1.5504566
346,0.3524881
347,1.002411
348,0.73728406
349,0.7251293
350,0.6513589
351,0.71162575
352,0.53295714
353,0.5183863
354,1.0450236
355,1.119239
356,1.2389314
357,0.5884332
358,0.9014097
359,0.963428
360,0.49484164
361,1.5522141
362,1.12596
363,0.5560766
364,0.33338848
365,1.1814624
366,1.3109033
367,0.94507957
368,0.76584363
369,0.98968405
370,0.70316404
371,0.55078375
372,0.6226627
373,0.40792638
374,0.6286192
375,0.43916658
376,1.0247629
377,0.85254824
378,0.61247253
379,0.5854963
380,0.89945596
381,0.6023017
382,1.231983
383,0.69428927
384,0.4836803
385,0.9689323
386,0.54735404
387,1.7733873
388,1.0452559
389,1.2286099
390,0.6834845
391,0.5275211
392,0.8570978
393,1.2926947
394,0.6195166
395,1.045901
396,0.72743523
397,0.641233
398,0.79210544
399,0.54186606
400,0.8448835
401,0.3997553
402,0.8492531
403,0.9238087
404,0.6702931
405,1.5879029
406,1.4170995
407,0.75425035
408,1.7489102
409,0.6482165
410,1.3469421
411,0.4974867
412,0.7227315
413,0.9283386
414,1.1118215
415,0.55630785
416,0.4706646
417,0.7045394
418,0.83498544
419,0.5275922
420,1.3023944
421,1.1316775
422,1.3726707
423,0.39611605
424,0.66585946
425,1.1396377
426,0.48339438
427,0.8739214
428,0.79276067
429,0.52964115
430,1.4678378
431,0.7498812
432,0.3719072
433,0.4305299
434,1.0732789
435,0.6433611
436,0.8237552
437,0.99886507
438,0.5989411
439,0.5572194
440,0.5228614
441,1.7888622
442,0.99626803
443,0.70082617
444,0.665487
445,1.3367809
446,0.52452177
447,0.8351046
448,0.8116345
449,0.9391396
450,0.5855578
451,1.1418386
452,0.39131987
453,0.37822786
454,1.0722755
455,0.680677
456,0.92711884
457,0.8072099
458,0.37440446
459,0.71811396
460,0.46523738
461,0.7520088
462,0.50196064
463,0.80086994
464,0.4937384
465,0.71353614
466,0.60892284
467,0.7430426
468,0.5317658
469,0.8074146
470,0.6860977
471,0.40682322
472,1.4724138
473,0.6654693
474,1.6147871
475,0.718492
476,0.67254215
477,0.67107874
478,0.9208486
479,0.9878797
480,1.3350186
481,1.3692585
482,1.6042174
483,0.5240146
484,1.1601013
485,0.66505367
486,0.5841222
487,1.142369
488,0.53069156
489,0.94712275
490,0.8401601
491,1.4253383
492,0.64791095
493,0.6096015
494,0.5201492
495,0.5900423
496,0.9750918
497,1.2502666
498,0.7688459
499,1.0250959
500,0.7422556
501,0.3230233
502,0.5060411
503,0.57274187
504,1.1497941
505,0.6133933
506,0.85518825
507,0.47020113
508,0.5316342
509,0.64236015
510,0.8834491
511,1.0272609
512,0.6835742
513,0.28813538
514,1.0003791
515,0.56975406
516,1.9061095
517,1.2672704
518,0.4231342
519,1.1543354
520,0.825672
521,0.68495566
522,1.8531263
523,0.790823
524,0.78550017
525,0.9806278
526,0.72916734
527,0.7559412
528,0.6826529
529,2.1680412
530,0.61653346
531,1.1805366
532,0.7187469
533,0.46934325
534,0.5561948
535,0.5220605
536,0.6860883
537,1.1784858
538,0.68300354
539,0.60974693
540,0.51762784
541,0.5007399
542,0.6064145
543,0.89994586
544,0.82200474
545,1.1378486
546,0.8435798
547,0.45474374
548,0.9078569
549,0.47027433
550,0.5370273
551,0.95018345
552,1.0827028
553,0.6554883
554,1.0193772
555,0.6836077
556,1.3790805
557,1.221761
558,1.1005682
559,0.5216136
560,0.87961805
561,0.58233225
562,1.1022494
563,0.764254
564,0.42313346
565,1.0805637
566,1.5731812
567,0.8428447
568,0.8425342
569,0.42202303
570,1.3851525
571,0.6991641
572,0.6028067
573,1.0525228
574,1.8254744
575,0.82881016
576,0.444326
577,0.6716345
578,0.4392599
579,1.0209934
580,0.5938106
581,0.763311
582,0.9126522
583,1.9540746
584,0.69999677
585,1.1476407
586,0.920202
587,0.5546245
588,0.9415693
589,0.65144145
590,1.273671
591,1.1338948
592,0.87111497
593,0.9334778
594,0.9861298
595,1.1126266
596,0.5026402
597,0.8822762
598,1.4047143
599,1.0049001
600,0.81804854
601,0.60279393
602,0.7732428
603,2.318455
604,1.0018204
605,0.77152413
606,1.3798606
607,0.87602574
608,0.49033847
609,2.0915525
610,0.68523306
611,0.58234864
612,0.76502115
613,0.9552602
614,0.4448292
615,0.4090993
616,0.973154
617,0.7149838
618,0.45751348
619,0.43209562
620,0.6797102
621,0.83173996
622,0.66481364
623,1.2587907
624,1.206561
625,0.4526921
626,0.75768435
627,0.99912685
628,2.0122473
629,0.95867115
630,0.37389103
631,0.34398738
632,1.3738793
633,0.4977662
634,0.5559479
635,1.3453203
636,1.1238275
637,0.63118446
638,0.67400694
639,0.9917025
640,1.0128809
641,1.8186274
642,0.5357953
643,0.4860198
644,0.58318216
645,0.5339163
646,0.40227032
647,1.0751928
648,1.0684435
649,0.85352033
650,0.418252
651,0.3904751
652,0.55365264
653,0.74845064
654,0.7267494
655,0.8411993
656,0.8295679
657,0.6730191
658,0.96739626
659,0.5493384
660,0.59895176
661,1.1229203
662,0.5774983
663,0.873771
664,1.051606
665,0.6010814
666,1.3435652
667,1.4183255
668,1.567177
669,0.7076296
670,0.57868665
671,0.5148678
672,0.46715647
673,0.55132884
674,1.4160559
675,0.52516884
676,0.63050497
677,1.0919967
678,1.5703131
679,1.344514
680,0.4279495
681,0.9534048
682,0.6433536
683,0.43142292
684,1.3500243
685,0.6465518
686,0.7762105
687,0.46983534
688,0.58344734
689,0.70944613
690,1.5437561
691,0.67421716
692,0.6918495
693,1.1572043
694,0.5102432
695,1.1353749
696,1.516423
697,1.0030074
698,1.0689678
699,1.0691102
700,0.5551598
701,0.84292567
702,0.82151735
703,0.2752795
704,1.6338333
705,0.8793824
706,0.86362594
707,0.5057767
708,1.0755562
709,1.0177094
710,1.062642
711,0.5226579
712,0.9195076
713,0.46488398
714,0.50244355
715,0.5299151
716,0.66502255
717,1.4134501
718,0.5702387
719,0.9231146
720,0.2793204
721,0.5440971
722,1.145091
723,1.3604149
724,0.87703234
725,0.56791115
726,0.94493026
727,0.9639815
728,0.67084146
729,1.033162
730,0.4380833
731,0.5298262
732,1.5230527
733,0.53394413
734,0.43803605
735,0.89467454
736,0.727358
737,0.557714
738,0.5152025
739,0.53848654
740,0.66923726
741,0.80288273
742,0.6092524
743,1.2971525
744,1.5330946
745,0.8726362
746,0.36174977
747,0.92172194
748,0.579055
749,0.9577782
750,0.7987355
751,0.73156404
752,0.70578
753,0.55451894
754,0.62537897
755,0.33482882
756,1.3209802
757,1.016476
758,1.1326332
759,1.0626751
760,0.8986697
761,0.98920107
762,0.9808995
763,0.83095455
764,0.81084335
765,0.6419614
766,0.50595886
767,0.53004956
768,0.96253544
769,0.49970543
770,1.1621746
771,1.1849948
772,1.2815064
773,0.7225684
774,0.5525747
775,1.2982149
776,1.3013126
777,1.149215
778,0.5531465
779,0.37641007
780,0.9826529
781,1.996447
782,1.1538723
783,0.80286336
784,1.2569726
785,0.50940543
786,0.7370204
787,0.6409749
788,0.46104583
789,0.45085272
790,1.0769789
791,0.5785241
792,0.74765825
793,0.21916497
794,1.1254138
795,0.601814
796,0.756993
797,0.73123795
798,0.8369864
799,0.8321432
800,2.0173779
801,1.1303228
802,1.1278721
803,1.5211929
804,0.6490573
805,0.62993854
806,0.61347586
807,0.6035705
808,1.3440067
809,0.35220718
810,0.7555062
811,0.5549789
812,1.3835422
813,0.52116805
814,1.0180976
815,0.48814186
816,1.6542656
817,1.0280124
818,1.1152612
819,0.651166
820,0.76358294
821,0.8040024
822,0.50511384
823,1.4279125
824,0.9981772
825,0.47517622
826,0.7419678
827,0.66594404
828,0.5249873
829,0.4832411
830,0.9142256
831,0.6549485
832,1.0010097
833,1.1795841
834,0.7300723
835,0.44854593
836,0.61039805
837,1.0902922
838,0.526943
839,0.7558444
840,1.1434977
841,1.0142289
842,0.6484542
843,1.8053398
844,0.6002508
845,0.46983805
846,0.7002901
847,0.64864045
848,0.8023576
849,1.2591448
850,1.1300492
851,1.7983166
852,0.5397463
853,1.5654699
854,0.5401374
855,0.4224973
856,0.91931945
857,0.9468433
858,0.49862617
859,0.6637236
860,0.5443022
861,1.2186924
862,0.58012176
863,0.8093013
864,0.6006495
865,1.1379051
866,0.41841218
867,0.52465725
868,0.8947942
869,1.112587
870,0.42840034
871,0.78215915
872,0.83670133
873,0.84282243
874,0.74439913
875,1.0957005
876,0.63020843
877,0.6163923
878,0.5542971
879,1.4103143
880,0.68002486
881,1.9835932
882,0.6102393
883,0.41940683
884,0.50668705
885,0.5627382
886,0.61718345
887,0.31087232
888,1.6591855
889,0.83640975
890,1.106429
891,0.82559437
892,0.8439338
893,0.5456498
894,0.42306063
895,0.6585275
896,1.0161364
897,0.6306837
898,0.36831346
899,0.63306254
900,0.9949488
901,0.2803009
902,1.778626
903,1.2320458
904,1.684252
905,0.6296357
906,0.62134266
907,1.1356673
908,1.0135063
909,0.4983631
910,0.7162923
911,0.9617698
912,0.6670669
913,0.97428775
914,1.0537013
915,0.4054485
916,0.6924606
917,0.8260194
918,1.2362087
919,0.67593765
920,1.0850778
921,0.5680146
922,0.6246198
923,1.3964708
924,0.7306956
925,0.6095687
926,0.6030132
927,0.88064396
928,0.8081632
929,0.73111427
930,1.0379909
931,1.7156649
932,0.7618195
933,0.9196469
934,0.591848
935,0.79685664
936,1.1610268
937,1.5929564
938,0.33757496
939,0.7343236
940,0.92581636
941,0.5499163
942,0.8391778
943,0.64558095
944,0.6244247
945,0.51288086
946,1.099594
947,0.6046787
948,0.45239154
949,1.0127308
950,0.55704254
951,1.1280802
952,1.0895121
953,1.2884358
954,0.6502755
955,1.1978633
956,0.4416764
957,1.1669416
958,0.3901824
959,0.5062783
960,0.9401905
961,0.5068161
962,0.7338144
963,1.3480986
964,1.8242475
965,0.88983244
966,0.9527386
967,0.5116206
968,1.0769222
969,0.658408
970,1.2724364
971,1.0021582
972,0.8924452
973,1.3387958
974,0.6875913
975,1.1339436
976,1.6519957
977,0.58155936
978,0.738095
979,1.0265462
980,1.3988814
981,0.4166794
982,1.1209834
983,1.4442719
984,0.6613978
985,0.6523901
986,0.41920677
987,0.78477275
988,0.84496427
989,0.88563675
990,1.5926942
991,2.16911
992,0.5872603
993,0.6146547
994,1.1394757
995,0.43858767
996,1.3911971
997,0.5455705
998,1.141921
999,0.6811262
1000,0.60660505
1001,0.5528197
1002,0.76270473
1003,0.5746076
1004,1.1348639
1005,0.7215887
1006,0.49646035
1007,0.85454
1008,0.49846128
1009,0.84118253
1010,0.5526163
1011,0.9511973
1012,1.1487339
1013,1.0128006
1014,0.812996
1015,1.0215443
1016,0.68624806
1017,0.86039895
1018,1.566935
1019,0.5461218
1020,0.96614516
1021,2.0110605
1022,0.9171839
1023,1.4066327
1024,0.8441305
1025,1.0745273
1026,1.3124846
1027,1.0860773
1028,0.703942
1029,0.50348336
1030,0.964651
1031,0.7046661
1032,1.0626279
1033,0.74134976
1034,0.4912255
1035,0.99221665
1036,0.85028774
1037,0.8914361
1038,0.6740972
1039,0.72684187
1040,0.82235
1041,0.4817131
1042,0.6086702
1043,0.94637775
1044,0.55450684
1045,0.7110842
1046,0.6313039
1047,0.84040695
1048,1.0490535
1049,0.46683258
1050,0.6671641
1051,1.0394309
1052,0.43490574
1053,1.2726247
1054,0.6110394
1055,0.9905637
1056,0.6125455
1057,0.5953902
1058,1.5317527
1059,0.3858306
1060,0.7264845
1061,1.0915458
1062,1.209924
1063,0.35832646
1064,0.7661198
1065,0.6199644
1066,1.4198909
1067,1.2757523
1068,1.33091
1069,0.38406852
1070,1.2172788
1071,0.8419699
1072,1.0276769
1073,0.8427142
1074,0.6198021
1075,0.88473356
1076,0.62241244
1077,0.6338957
1078,0.62040275
1079,0.37244797
1080,1.2614082
1081,1.1860124
1082,0.9758555
1083,0.73334765
1084,1.0219944
1085,0.74386716
1086,0.64476556
1087,0.39498395
1088,1.5603954
1089,1.3621813
1090,0.96944207
1091,0.72007364
1092,1.2237427
1093,0.58549684
1094,0.46049058
1095,2.6243224
1096,0.42590573
1097,0.58153695
1098,0.47803426
1099,0.710061
1100,0.46393153
1101,0.8894558
1102,0.45072204
1103,0.68715876
1104,0.59210056
1105,0.9363779
1106,0.4795517
1107,0.52804404
1108,0.6096972
1109,1.494888
1110,0.689225
1111,1.3951608
1112,0.43194288
1113,0.8618164
1114,0.94191694
1115,0.6608272
1116,0.58449763
1117,0.50096077
1118,0.91656506
1119,1.597266
1120,1.1964486
1121,1.0046041
1122,1.2036269
1123,1.0013077
1124,0.35296717
1125,1.4367254
1126,0.30542395
1127,1.0309104
1128,1.0210238
1129,1.3975648
1130,0.55591553
1131,0.7428744
1132,0.64015716
1133,0.912682
1134,0.6672069
1135,1.0633976
1136,0.8821742
1137,0.71064
1138,0.5595933
1139,0.7443406
1140,1.03049
1141,0.6990841
1142,0.63458157
1143,0.6263732
1144,0.97574043
1145,0.42794472
1146,0.66208553
1147,0.40986735
1148,0.99105334
1149,1.2171711
1150,0.80698067
1151,0.73796433
1152,0.7941673
1153,0.67851716
1154,1.3094295
1155,1.004399
1156,0.6417992
1157,0.59148103
1158,1.2517687
1159,0.6915054
1160,0.5651792
1161,0.3595283
1162,0.9089779
1163,0.43802997
1164,0.8276245
1165,0.7710594
1166,0.4690742
1167,1.2124288
1168,0.5762117
1169,0.97476333
1170,1.5855619
1171,0.4258436
1172,0.4430777
1173,0.50641966
1174,1.35481
1175,1.1011078
1176,0.5976929
1177,1.2854872
1178,1.2092572
1179,1.0721629
1180,1.1832286
1181,0.5004443
1182,0.5558774
1183,0.67563766
1184,0.6076807
1185,0.63857174
1186,0.6745222
1187,0.95889705
1188,1.2657309
1189,0.3667327
1190,1.9418309
1191,0.4730142
1192,0.48307413
1193,0.88828975
1194,0.59570575
1195,0.5759426
1196,1.1835061
1197,0.4941718
1198,0.36032218
1199,1.2147897
1200,0.41026428
1201,0.6135268
1202,1.2079917
1203,0.6433819
1204,1.0476897
1205,0.3760885
1206,0.99297184
1207,0.7271401
1208,1.0276766
1209,0.9947863
1210,0.9647671
1211,0.9561592
1212,1.345527
1213,1.6892772
1214,0.3971642
1215,1.9174347
1216,0.5812414
1217,1.2899524
1218,0.6435335
1219,0.7836
1220,0.7943915
1221,0.76432437
1222,1.6514184
1223,0.6563102
1224,0.3944062
1225,0.3261817
1226,0.6726279
1227,0.7026421
1228,0.81211317
1229,1.0992957
1230,1.0315303
1231,1.3337054
1232,0.3503553
1233,0.416292
1234,1.2723993
1235,0.4560714
1236,0.78024584
1237,0.5277608
1238,0.5421668
1239,1.3819011
1240,0.6099116
1241,0.6333861
1242,0.850128
1243,1.8550965
1244,0.7260397
1245,0.7567018
1246,0.44853625
1247,0.5063149
1248,1.1310295
1249,0.43996552
1250,0.5029015
1251,1.1468639
1252,0.5668856
1253,1.068004
1254,0.62298137
1255,0.413733
1256,0.9975408
1257,1.0831919
1258,1.5503935
1259,1.3580106
1260,0.9094129
1261,1.2838178
1262,0.48448905
1263,0.5471676
1264,0.91829574
1265,0.42958534
1266,0.6370204
1267,0.6550003
1268,0.7657708
1269,0.6696925
1270,1.4727323
1271,0.53610903
1272,0.35156456
1273,0.43651015
1274,0.48315933
1275,0.66639346
1276,0.93175256
1277,0.60172004
1278,0.8987263
1279,0.7242173
1280,1.1400669
1281,0.47379133
1282,0.41888243
1283,1.1127616
1284,1.0825418
1285,0.60920334
1286,0.7729966
1287,0.93899333
1288,0.49066946
1289,0.8211746
1290,0.7144637
1291,0.42345792
1292,0.54304767
1293,0.4219031
1294,0.42320997
1295,0.52802145
1296,0.743108
1297,0.4969747
1298,1.0628562
1299,0.38317865
1300,0.99698865
1301,0.7091863
1302,0.6051987
1303,0.6179863
1304,0.98908263
1305,0.5354885
1306,0.61898476
1307,0.83398336
1308,0.42255697
1309,1.5931215
1310,0.7996889
1311,0.91303533
1312,0.63988006
1313,1.6551701
1314,0.8311203
1315,1.7477739
1316,0.9713562
1317,1.9682006
1318,0.6371703
1319,1.670802
1320,0.40588143
1321,1.0459754
1322,0.71090716
1323,0.7154126
1324,1.1055187
1325,0.7742927
1326,0.5005833
1327,0.8938935
1328,0.73400503
1329,0.45742264
1330,0.6904414
1331,1.4602535
1332,1.7799647
1333,0.72264546
1334,0.38720462
1335,0.7418174
1336,0.5056243
1337,0.83651537
1338,1.0280118
1339,0.48192686
1340,0.45790815
1341,1.3995601
1342,0.5979845
1343,0.558273
1344,0.93762285
1345,0.66846395
1346,0.495287
1347,0.45925444
1348,0.64318025
1349,0.34316903
1350,0.852816
1351,0.7296727
1352,1.1480392
1353,0.7755449
1354,0.5949568
1355,0.92176485
1356,1.7087436
1357,0.953389
1358,1.1238427
1359,2.301247
1360,0.7280186
1361,0.4794232
1362,0.7299611
1363,0.950619
1364,1.5426756
1365,0.40532836
1366,0.96730137
1367,0.5593401
1368,0.80596143
1369,0.6531655
1370,0.68849874
1371,0.7431866
1372,0.66738224
1373,1.1452055
1374,1.8283979
1375,0.7013501
1376,1.3078592
1377,0.7960924
1378,0.8903522
1379,1.3082833
1380,0.631889
1381,0.6757734
1382,0.82729214
1383,1.4898976
1384,0.9482448
1385,0.69794935
1386,0.56345165
1387,0.64164215
1388,0.6607808
1389,1.287596
1390,1.1225594
1391,0.6689526
1392,0.5230183
1393,1.6152346
1394,0.7998268
1395,2.0240755
1396,0.55772877
1397,0.46738422
1398,1.3074287
1399,0.8011648
1400,0.47958037
1401,0.5829459
1402,0.89381105
1403,0.8201971
1404,0.95346
1405,0.92984957
1406,0.4240947
1407,0.7628134
1408,0.29094434
1409,1.0871046
1410,0.4994569
1411,0.7885163
1412,0.53089
1413,0.5131089
1414,0.61613786
1415,1.2471318
1416,0.56759375
1417,0.88194585
1418,0.61364627
1419,0.6277588
1420,0.8230757
1421,0.49090046
1422,1.1808193
1423,0.43137535
1424,0.5583752
1425,0.94856983
1426,0.6266004
1427,0.46157414
1428,0.6949576
1429,1.0353373
1430,1.5564623
1431,0.66202134
1432,0.47754854
1433,1.4243622
1434,0.46448168
1435,0.44820067
1436,1.1367953
1437,0.50007606
1438,0.6022623
1439,0.8646399
1440,1.1264865
1441,0.5172197
1442,0.6960202
1443,1.0522683
1444,0.74364513
1445,0.4385355
1446,0.4872175
1447,1.1750301
1448,1.3201476
1449,0.6033066
1450,0.8238712
1451,1.0733937
1452,0.6222362
1453,1.0098665
1454,0.62147987
1455,1.3231751
1456,1.0860966
1457,0.6156268
1458,0.5963132
1459,0.4985479
1460,0.5136161
1461,0.63807726
1462,0.592689
1463,0.5830117
1464,0.67937696
1465,0.53632426
1466,1.3688269
1467,0.9089982
1468,0.9373109
1469,0.4126125
1470,1.3085464
1471,1.2669069
1472,0.9127518
1473,0.6337508
1474,1.1957955
1475,1.2140468
1476,0.47384664
1477,0.71183807
1478,0.71868116
1479,1.9322555
1480,0.7805044
1481,1.0511155
1482,1.124007
1483,1.2114512
1484,1.5735165
1485,0.5322053
1486,0.991824
1487,0.68604094
1488,0.5513008
1489,0.7212459
1490,1.7556788
1491,1.112338
1492,0.8059953
1493,0.8434177
1494,0.63404644
1495,0.59149426
1496,0.8454764
1497,0.6648226
1498,0.34162357
1499,0.30883235
1500,0.5271057
1501,0.5069695
1502,0.8557806
1503,0.42856652
1504,0.41391885
1505,0.63253057
1506,0.29588628
1507,0.8861219
1508,0.28989667
1509,0.7815418
1510,1.108327
1511,0.5975641
1512,0.60046107
1513,0.8815631
1514,0.52727276
1515,1.0281231
1516,0.57297075
1517,1.1252277
1518,0.7542728
1519,0.7449747
1520,0.50031096
1521,0.4356101
1522,1.2060345
1523,0.77511054
1524,0.89787906
1525,0.51510227
1526,0.8652784
1527,0.57264996
1528,0.8043755
1529,0.9463156
1530,1.3473825
1531,1.0746568
1532,0.67672646
1533,0.99886674
1534,0.6504408
1535,1.212407
1536,0.5350031
1537,1.1141977
1538,1.0586011
1539,0.840285
1540,0.77684534
1541,0.54832804
1542,0.7896545
1543,1.0673362
1544,0.38952053
1545,0.78887266
1546,1.193742
1547,0.9525475
1548,0.4912404
1549,0.5652092
1550,0.6574394
1551,1.4969255
1552,1.5911127
1553,0.5801732
1554,1.9515054
1555,0.7570888
1556,1.8573136
1557,1.3599646
1558,0.46905527
1559,0.8134273
1560,0.78316134
1561,0.33502686
1562,0.43662152
1563,1.8639244
1564,1.6058528
1565,0.44542113
1566,0.56865686
1567,0.95774436
1568,0.5253553
1569,1.2887816
1570,0.73657787
1571,0.5703012
1572,1.010286
1573,1.5442033
1574,0.38242897
1575,0.544603
1576,1.0043443
1577,0.668828
1578,0.39213288
1579,0.7472455
1580,0.8017587
1581,1.925381
1582,1.8138461
1583,0.6556281
1584,1.0694377
1585,1.6658525
1586,0.9715975
1587,0.80304587
1588,0.5777501
1589,0.79719025
1590,0.962626
1591,1.3236947
1592,0.62135595
1593,0.81718117
1594,1.967499
1595,0.8079273
1596,0.9456216
1597,0.4716969
1598,0.534291
1599,0.92940027
1600,0.9581725
1601,0.7460284
1602,0.5018461
1603,0.9881884
1604,0.9095682
1605,0.6813972
1606,0.42485315
1607,0.82853985
1608,0.6492098
1609,1.3627245
1610,0.92516285
1611,2.0345762
1612,0.45706782
1613,0.45988238
1614,0.63718
1615,1.1476792
1616,1.3204979
1617,0.7256414
1618,0.72818816
1619,0.9028933
1620,1.3469852
1621,1.3436658
1622,1.1289768
1623,1.0457805
1624,0.4336738
1625,0.5400019
1626,0.9847552
1627,1.0223658
1628,0.4691753
1629,0.86241806
1630,0.72384477
1631,0.38309762
1632,0.4859662
1633,1.4922788
1634,0.6384142
1635,1.5629315
1636,0.8451336
1637,1.3565176
1638,0.9946945
1639,0.82743216
1640,0.98989594
1641,1.4562056
1642,0.7470215
1643,1.5461967
1644,0.45720884
1645,0.51085854
1646,1.4193039
1647,0.56524116
1648,0.32328856
1649,0.6192427
1650,1.0007933
1651,1.5061159
1652,0.5186402
1653,1.2617403
1654,0.49109662
1655,0.48542088
1656,0.5612158
1657,0.67559415
1658,1.3288219
1659,0.67334676
1660,1.0698177
1661,0.6397188
1662,0.7122682
1663,0.5095462
1664,1.1755863
1665,0.6069981
1666,0.5925269
1667,1.2069333
1668,0.84061456
1669,1.3912917
1670,1.4428504
1671,0.67238665
1672,0.64065224
1673,1.063213
1674,0.5356388
1675,1.9237084
1676,0.49872085
1677,0.37302262
1678,0.9791914
1679,1.8465217
1680,1.3418788
1681,0.78327614
1682,0.7623546
1683,0.8030746
1684,1.004971
1685,0.4624889
1686,0.47790295
1687,0.5940836
1688,0.849316
1689,1.1920358
1690,0.5949179
1691,0.7172326
1692,1.1502779
1693,1.250968
1694,0.5918923
1695,0.7493213
1696,1.1251806
1697,0.41058892
1698,0.74385166
1699,1.4228803
1700,0.86612606
1701,1.7367477
1702,1.2081779
1703,1.0608667
1704,0.78094345
1705,0.49617565
1706,0.9469385
1707,1.2926589
1708,0.6334674
1709,1.0117402
1710,0.4017898
1711,0.89345914
1712,0.5940108
1713,0.55441207
1714,1.0763798
1715,1.4131309
1716,0.9403719
1717,1.2899244
1718,0.85891765
1719,0.48728976
1720,0.869301
1721,0.5715306
1722,1.2322309
1723,0.9533526
1724,0.6819554
1725,0.6506654
1726,0.89660895
1727,2.6183188
1728,0.7994371
1729,1.0071452
1730,0.47445726
1731,0.5548922
1732,1.3004577
1733,0.56091475
1734,1.0658435
1735,1.4972229
1736,0.97408885
1737,1.3405021
1738,0.7844883
1739,1.1797739
1740,0.4880232
1741,1.1335381
1742,0.6835096
1743,0.8675699
1744,0.7777207
1745,0.85956746
1746,0.38729393
1747,1.1827595
1748,0.53457314
1749,0.9667078
1750,0.90158755
1751,1.2354239
1752,0.88387656
1753,0.85149837
1754,0.61991477
1755,1.111055
1756,1.7201605
1757,1.4179507
1758,0.83818656
1759,0.45680428
1760,0.67320526
1761,1.0694776
1762,0.9589881
1763,1.307618
1764,0.44760373
1765,0.5018211
1766,1.0326276
1767,0.7969026
1768,0.6277618
1769,1.2318566
1770,0.6774155
1771,1.3658606
1772,1.1142105
1773,1.6105325
1774,0.5980999
1775,0.54473424
1776,0.85943633
1777,1.1135575
1778,0.78736186
1779,0.87819475
1780,0.6525076
1781,0.4579017
1782,0.6565483
1783,0.66289425
1784,0.85173297
1785,0.53018653
1786,0.6618773
1787,0.9067928
1788,0.71796906
1789,0.79492575
1790,1.0746989
1791,0.533512
1792,1.1535501
1793,0.3870313
1794,0.6014403
1795,1.1117635
1796,1.5027307
1797,1.5463479
1798,0.37646717
1799,0.7930558
1800,1.3549314
1801,0.77267313
1802,1.6527308
1803,1.3253014
1804,1.4475964
1805,0.53675276
1806,0.7584053
1807,0.58487856
1808,0.5489482
1809,1.0930569
1810,0.85698086
1811,0.9183448
1812,0.5141132
1813,1.1866902
1814,1.1154523
1815,0.5802395
1816,1.1283727
1817,0.7268885
1818,0.87332636
1819,0.36111704
1820,0.6483091
1821,0.6991698
1822,1.4503187
1823,0.58197814
1824,0.581855
1825,1.281681
1826,0.5661007
1827,1.1711274
1828,0.85882324
1829,1.1398094
1830,0.93587035
1831,0.88672864
1832,0.8705235
1833,0.66348755
1834,0.37799805
1835,0.8394918
1836,1.2758619
1837,1.0516039
1838,1.1016757
1839,0.6910007
1840,0.53469616
1841,1.0487629
1842,0.6210313
1843,1.3093752
1844,0.59684914
1845,0.73652667
1846,1.0917369
1847,1.3887867
1848,0.44723955
1849,0.914614
1850,0.8298164
1851,0.9259236
1852,0.6589443
1853,0.8003819
1854,0.4769002
1855,0.8903985
1856,0.5935558
1857,0.34597197
1858,0.720363
1859,1.1773878
1860,0.53878963
1861,1.1679953
1862,0.95663035
1863,0.77630794
1864,0.8046229
1865,1.4283164
1866,0.84882253
1867,0.66776586
1868,0.56282806
1869,1.1157291
1870,0.6171151
1871,1.3122382
1872,1.6711961
1873,0.8089868
1874,0.31282577
1875,1.0688794
1876,0.6580498
1877,1.0787953
1878,1.4322515
1879,0.48593545
1880,0.6428744
1881,0.32407847
1882,0.4023964
1883,0.5733331
1884,1.0206282
1885,0.9663315
1886,0.8596891
1887,1.532779
1888,1.2456328
1889,0.9276342
1890,1.0295072
1891,0.5826256
1892,1.0931522
1893,1.0695994
1894,0.61768436
1895,2.0628176
1896,1.0953146
1897,0.70254844
1898,1.264511
1899,0.5116653
1900,0.45404083
1901,0.5898622
1902,0.47229964
1903,0.5185042
1904,0.6023733
1905,0.9475006
1906,0.8788559
1907,1.0431079
1908,1.7295369
1909,0.84970737
1910,0.55324084
1911,0.9237734
1912,1.4137406
1913,0.5821162
1914,0.8334583
1915,0.47768766
1916,1.3362427
1917,0.9742284
1918,0.4148636
1919,0.41098455
1920,1.2196984
1921,0.6771368
1922,1.0434875
1923,0.75634444
1924,0.5575793
1925,0.54751074
1926,0.6107651
1927,1.8165601
1928,1.1200515
1929,0.8983106
1930,2.1096632
1931,0.84022903
1932,0.69807404
1933,0.896129
1934,0.96605414
1935,0.57304364
1936,1.0108646
1937,1.2654907
1938,0.58131313
1939,1.1956713
1940,0.5702785
1941,0.534097
1942,0.40194598
1943,2.086527
1944,0.5087858
1945,0.66601247
1946,0.9213035
1947,0.59584343
1948,0.7807644
1949,1.2419916
1950,0.36112025
1951,0.30899847
1952,0.5864626
1953,0.47314647
1954,0.53923655
1955,0.53938824
1956,0.6312213
1957,1.0893718
1958,1.0240535
1959,1.0479952
1960,0.7279365
1961,0.4216887
1962,1.0434914
1963,0.9562767
1964,0.4643302
1965,1.0235803
1966,0.6614659
1967,0.6345814
1968,0.5653649
1969,0.53615475
1970,1.0359718
1971,0.3797815
1972,1.2335794
1973,0.776745
1974,2.5395231
1975,1.5288272
1976,1.0322423
1977,1.8915386
1978,1.1022719
1979,1.2593613
1980,0.5340044
1981,0.76053756
1982,0.5552949
1983,1.2532514
1984,0.7795644
1985,1.0402827
1986,0.7493257
1987,0.97194654
1988,1.3751926
1989,0.63389266
1990,0.5444589
1991,0.970226
1992,0.5206876
1993,0.62608784
1994,1.5240924
1995,0.97849166
1996,0.4745756
1997,1.217563
1998,0.49603757
1999,0.73192763
2000,2.1037943
2001,0.8571211
2002,1.3627695
2003,0.7525497
2004,0.4891499
2005,1.0481985
2006,0.74577945
2007,1.0154343
2008,0.6470247
2009,0.62162954
2010,1.115555
2011,0.8779473
2012,1.4793823
2013,0.6782118
2014,0.87153757
2015,0.6243189
2016,0.9362941
2017,1.3393987
2018,0.7458115
2019,0.8100692
2020,1.5859679
2021,1.4809875
2022,1.8681031
2023,0.84038836
2024,1.6357303
2025,1.388045
2026,0.5286077
2027,0.8660122
2028,0.40192094
2029,1.1651686
2030,0.49156833
2031,0.46539316
2032,0.5620126
2033,0.6923431
2034,1.5527377
2035,1.0336193
2036,0.8388624
2037,0.83594286
2038,1.0592443
2039,0.9725452
2040,0.9826057
2041,1.5831767
2042,1.5064827
2043,1.334828
2044,0.78448665
2045,0.5904457
2046,1.5295873
2047,0.89493346
2048,0.702014
2049,0.4601687
2050,0.8465004
2051,1.1031023
2052,1.1982175
2053,0.9056816
2054,1.1312138
2055,1.0222032
2056,1.4080012
2057,0.45606723
2058,0.5594668
2059,0.8362264
2060,0.93041205
2061,0.7787453
2062,0.9714663
2063,0.69864786
2064,0.94229877
2065,0.35745272
2066,0.6036348
2067,0.37845924
2068,1.7100149
2069,0.6132612
2070,0.9141665
2071,0.9982415
2072,0.8758322
2073,0.5397939
2074,1.1214083
2075,0.73042494
2076,0.7060564
2077,0.7776753
2078,0.6886981
2079,0.94986284
2080,1.5182344
2081,1.0055156
2082,0.85939443
2083,0.5733912
2084,0.6190228
2085,0.84794855
2086,1.2634726
2087,0.76294816
2088,0.85855836
2089,0.93686247
2090,0.7643373
2091,1.6494145
2092,0.50907296
2093,0.927639
2094,1.3353119
2095,1.0343112
2096,0.61662006
2097,1.0072093
2098,1.4713451
2099,1.226803
2100,0.4041892
2101,0.28108847
2102,0.71572596
2103,0.7429094
2104,0.9632303
2105,0.41972172
2106,1.0580295
2107,1.6713437
2108,1.3731594
2109,1.4289296
2110,0.55234253
2111,0.59339255
2112,1.1258266
2113,0.7489021
2114,0.9169484
2115,1.0466546
2116,0.66391116
2117,0.763262
2118,1.9374034
2119,0.9224701
2120,0.54491806
2121,0.9937297
2122,0.50254476
2123,1.3703307
2124,0.5395803
2125,1.0497106
2126,0.73056567
2127,0.3859549
2128,0.8129923
2129,1.9646108
2130,1.4261185
2131,0.824059
2132,1.8298224
2133,0.66438895
2134,0.639092
2135,2.00419
2136,0.82320124
2137,2.29148
2138,0.63097876
2139,0.7889629
2140,1.1013207
2141,1.0956757
2142,0.88609016
2143,1.3834877
2144,0.73359066
2145,2.0822456
2146,0.7908589
2147,1.1830336
2148,0.6458878
2149,0.4451628
2150,0.43267912
2151,0.8657424
2152,0.39928
2153,1.2377856
2154,0.8444257
2155,0.7200696
2156,0.9550969
2157,0.7722749
2158,1.082421
2159,1.4252276
2160,0.49842402
2161,0.73609304
2162,0.7822254
2163,0.5410637
2164,1.3245275
2165,1.3230832
2166,0.44941756
2167,0.39902702
2168,0.7556032
2169,0.445348
2170,1.1021047
2171,0.69535184
2172,1.2632239
2173,0.97458595
2174,2.0453792
2175,0.7159898
2176,0.95920247
2177,1.8224031
2178,0.6197881
2179,0.5082283
2180,0.50045055
2181,0.46521723
2182,1.0322689
2183,2.6106799
2184,0.9703962
2185,0.61358035
2186,0.5600735
2187,0.47216487
2188,0.8642993
2189,1.4149476
2190,0.8895256
2191,0.9858864
2192,0.97832364
2193,0.6211397
2194,0.7216649
2195,0.8268834
2196,0.6349831
2197,0.72768945
2198,1.6763153
2199,0.55839396
2200,0.7376208
2201,0.69871885
2202,1.1824875
2203,0.9153767
2204,0.7314672
2205,0.7232558
2206,0.5513639
2207,0.97271246
2208,0.42105666
2209,0.5659546
2210,1.7666265
2211,0.5829829
2212,1.0980293
2213,0.969415
2214,1.7005899
2215,0.4681376
2216,0.53374726
2217,1.0631157
2218,0.6242076
2219,1.1611314
2220,0.8936454
2221,0.77913564
2222,0.6722017
2223,1.0001918
2224,0.9251645
2225,0.81348646
2226,0.3989727
2227,0.52389336
2228,0.98648125
2229,0.64190435
2230,0.5644387
2231,0.85604525
2232,0.7582334
2233,0.6141277
2234,0.2917453
2235,1.9737794
2236,0.67726856
2237,0.55688256
2238,1.5165876
2239,0.46193182
2240,0.5440794
2241,0.6662348
2242,0.87270796
2243,0.6138814
2244,1.0497967
2245,2.0488675
2246,1.2399495
2247,0.5333445
2248,0.43536916
2249,0.65155256
2250,0.44326553
2251,0.97370505
2252,0.7743743
2253,0.5133007
2254,0.57808465
2255,0.6913242
2256,1.1605085
2257,0.5889413
2258,0.67548305
2259,2.0677183
2260,0.99113584
2261,1.6230986
2262,0.5855348
2263,0.45673907
2264,0.46593857
2265,0.6582517
2266,0.5268386
2267,0.57296854
2268,0.70418483
2269,0.6013152
2270,0.70641744
2271,0.44124416
2272,0.535075
2273,0.9454687
2274,1.6513064
2275,0.53387004
2276,0.7641775
2277,0.6053975
2278,0.76672477
2279,0.7254081
2280,0.9443252
2281,1.2610455
2282,0.40089753
2283,0.8585883
2284,0.8176632
2285,0.6972839
2286,1.6372364
2287,2.37409
2288,0.47435567
2289,1.6975716
2290,0.49757698
2291,0.9967787
2292,1.2047873
2293,0.65940267
2294,1.7200738
2295,1.0796853
2296,0.65343446
2297,0.47062108
2298,0.46732983
2299,0.6050541
2300,0.6442307
2301,0.3940599
2302,0.8526962
2303,1.1705974
2304,0.75457585
2305,0.7670693
2306,0.75765854
2307,0.5964501
2308,1.2156721
2309,0.8961276
2310,0.7799421
2311,0.70318025
2312,0.9048721
2313,0.5029869
2314,0.43454534
2315,0.5458929
2316,0.84199464
2317,0.6973181
2318,1.304721
2319,0.7252454
2320,1.1710325
2321,0.68252844
2322,1.1336844
2323,0.6249545
2324,0.65119356
2325,0.98433065
2326,0.9813228
2327,0.33174565
2328,0.7588112
2329,0.67157483
2330,0.7488948
2331,1.6935546
2332,1.0213377
2333,0.8687514
2334,0.6448418
2335,1.6738545
2336,1.3286681
2337,0.50111574
2338,0.5272043
2339,0.5292925
2340,0.46858338
2341,0.61889285
2342,0.5965699
2343,0.8857022
2344,0.9186909
2345,0.7631644
2346,0.7160688
2347,1.7519
2348,0.6422119
2349,1.0623654
2350,1.2138122
2351,0.9984753
2352,1.5149732
2353,0.48280656
2354,1.5231122
2355,0.6909929
2356,0.81525
2357,0.9132557
2358,0.62549
2359,0.32149145
2360,0.93056226
2361,0.54599345
2362,0.9083281
2363,0.87594664
2364,0.76620924
2365,0.833776
2366,1.5745784
2367,2.3385386
2368,1.2413248
2369,0.95320886
2370,1.3509985
2371,1.9627457
2372,0.8693372
2373,0.73695457
2374,0.8895343
2375,0.7112475
2376,0.6208378
2377,1.524256
2378,0.6318387
2379,1.2541169
2380,1.1360668
2381,0.47109827
2382,1.8951718
2383,1.0154232
2384,1.1825365
2385,1.3062462
2386,0.74343467
2387,1.3088828
2388,0.7365092
2389,0.5733658
2390,1.1934129
2391,0.5932246
2392,2.2044244
2393,0.8811296
2394,0.68887657
2395,0.9926615
2396,0.9343523
2397,0.4886229
2398,0.49878046
2399,1.024752
2400,0.8504698
2401,1.2872714
2402,0.4985191
2403,0.52285475
2404,1.6172649
2405,0.30879056
2406,0.46629488
2407,0.40537426
2408,1.1591893
2409,0.8635833
2410,0.78612524
2411,1.1222976
2412,0.43288076
2413,0.36624774
2414,0.44441593
2415,0.82677454
2416,2.3859735
2417,0.9417491
2418,0.5567002
2419,1.2188656
2420,0.98180026
2421,0.49547172
2422,0.6102736
2423,1.0510869
2424,1.5703766
2425,1.0921863
2426,0.62895906
2427,1.5425632
2428,0.4214797
2429,1.2125399
2430,0.37680697
2431,0.7175883
2432,0.65141827
2433,1.9627873
2434,0.515168
2435,0.6168853
2436,1.6977539
2437,0.8542169
2438,0.618082
2439,0.8687642
2440,0.9206911
2441,0.5439658
2442,0.39694965
2443,0.68786037
2444,0.66825265
2445,1.7961137
2446,0.4542319
2447,0.9859857
2448,0.36286145
2449,0.75363374
2450,0.6914355
2451,0.58604103
2452,0.62433964
2453,1.0875591
2454,0.6164158
2455,0.5998898
2456,0.5272121
2457,0.58629596
2458,0.92766166
2459,0.6134239
2460,0.5691531
2461,1.0313737
2462,1.2474816
2463,0.5351642
2464,0.49888936
2465,0.46025586
2466,0.46140954
2467,0.5127127
2468,0.80402976
2469,0.45077643
2470,1.618829
2471,0.93731123
2472,0.50332344
2473,1.0032034
2474,1.4911805
2475,0.6267047
2476,0.54587156
2477,0.6444649
2478,1.4059341
2479,0.5381303
2480,0.9642126
2481,2.339634
2482,0.6851264
2483,0.39454487
2484,0.89569694
2485,1.7220206
2486,1.8310448
2487,0.7503569
2488,0.8542253
2489,1.8146696
2490,0.8423096
2491,0.62760276
2492,0.645928
2493,0.44346413
2494,1.0495467
2495,0.34250575
2496,2.0863504
2497,1.0856421
2498,1.1179016
2499,0.75935674
2500,1.8645391
2501,1.2959898
2502,1.0181215
2503,0.8438746
2504,0.7972661
2505,1.8633417
2506,0.4549242
2507,1.2611644
2508,0.65906084
2509,0.82646954
2510,2.0850804
2511,1.1304954
2512,1.1472037
2513,0.9903067
2514,1.5244914
2515,0.61452264
2516,1.3513105
2517,0.4921844
2518,0.5156774
2519,0.88474834
2520,0.9883525
2521,0.4826986
2522,0.5726792
2523,0.6292033
2524,0.62527525
2525,1.5133532
2526,1.0867138
2527,0.6155521
2528,0.5061616
2529,0.5959727
2530,0.7557577
2531,0.73081785
2532,0.6422983
2533,0.76819
2534,1.6044351
2535,0.8306447
2536,1.016194
2537,0.96951747
2538,0.9926166
2539,0.7994113
2540,0.90849626
2541,0.76619136
2542,0.851619
2543,1.5107219
2544,0.61393356
2545,0.62462234
2546,0.8274105
2547,0.5353568
2548,0.848179
2549,0.8212851
2550,1.953457
2551,1.1005477
2552,1.047053
2553,1.043814
2554,1.7273895
2555,0.4818077
2556,0.70746976
2557,0.97486436
2558,0.81111914
2559,1.2612069
2560,0.6987802
2561,0.6092078
2562,0.90347004
2563,1.5782324
2564,1.2453623
2565,1.1256586
2566,1.1457891
2567,1.4951314
2568,1.2820376
2569,0.59002346
2570,0.6386683
2571,0.46007928
2572,0.58230126
2573,1.1937336
2574,0.5655302
2575,0.87947845
2576,0.73574984
2577,0.97851104
2578,1.1442465
2579,0.5561537
2580,1.4988368
2581,0.5222363
2582,0.45323563
2583,1.1875143
2584,0.53312427
2585,0.63438386
2586,0.7434078
2587,0.53125095
2588,1.7346525
2589,0.8384102
2590,0.65306824
2591,0.6918633
2592,0.7443808
2593,0.6129606
2594,0.89389074
2595,1.0817034
2596,0.5739409
2597,1.2202537
2598,1.0448098
2599,1.1786416
2600,0.7371897
2601,1.3666098
2602,0.8976976
2603,0.8653502
2604,0.9571584
2605,0.45347044
2606,0.7082248
2607,0.64291793
2608,0.64270234
2609,0.6745455
2610,0.9890344
2611,0.44623348
2612,0.590395
2613,0.8086331
2614,0.4961023
2615,0.52464765
2616,1.4971812
2617,0.79451096
2618,0.9553594
2619,1.8520783
2620,0.5455229
2621,0.8099492
2622,0.8086425
2623,1.1408718
2624,0.5095566
2625,0.9901571
2626,0.7887485
2627,0.82819086
2628,1.0482973
2629,0.6220367
2630,0.53931373
2631,0.83282834
2632,1.6907958
2633,1.7424977
2634,0.56903607
2635,0.41663098
2636,1.1383123
2637,1.8081924
2638,1.8890696
2639,0.9678181
2640,0.81575996
2641,1.3530234
2642,1.3233691
2643,0.31899777
2644,0.858833
2645,0.42002454
2646,0.77511156
2647,1.1502563
2648,2.4609292
2649,1.6570668
2650,0.58604795
2651,0.98822373
2652,0.5179702
2653,1.828372
2654,0.5456774
2655,0.7680079
2656,2.1618845
2657,0.40258652
2658,0.7475941
2659,0.5419739
2660,1.0181675
2661,1.1947522
2662,1.0107684
2663,1.0713832
2664,0.58430666
2665,1.0139252
2666,0.6919654
2667,0.69603914
2668,0.74570215
2669,0.6969074
2670,0.46932468
2671,0.61516744
2672,0.57326955
2673,0.65708405
2674,0.8491252
2675,0.75664663
2676,0.8792098
2677,1.0457025
2678,1.5843503
2679,2.0689387
2680,0.5790272
2681,0.53107005
2682,0.5612042
2683,1.1377715
2684,0.5040446
2685,1.0797236
2686,0.7388372
2687,1.0340396
2688,1.0452001
2689,0.5270107
2690,0.6055878
2691,1.4690434
2692,0.41710272
2693,1.878834
2694,0.62037706
2695,0.5189906
2696,0.96375746
2697,0.33766165
2698,2.4373543
2699,1.2555859
2700,0.91582716
2701,0.69391745
2702,1.1432484
2703,0.34623495
2704,0.8218875
2705,1.1116687
2706,0.5070717
2707,1.0164359
2708,0.86978257
2709,0.7342247
2710,0.5538925
2711,0.724183
2712,0.82957995
2713,1.6259073
2714,0.7011047
2715,2.093824
2716,0.4177556
2717,0.52130157
2718,1.6492479
2719,0.79331076
2720,0.5246842
2721,0.9778298
2722,0.39697865
2723,0.6970084
2724,0.7859955
2725,1.5140468
2726,0.6480615
2727,0.55778825
2728,0.48721647
2729,1.1431266
2730,1.1713232
2731,0.8477988
2732,1.1262258
2733,1.1942935
2734,0.862081
2735,1.2568934
2736,0.4406947
2737,1.8670644
2738,0.7735669
2739,0.73567814
2740,1.1413482
2741,0.4577838
2742,0.7240848
2743,0.7769407
2744,0.9036521
2745,0.94543564
2746,0.69911104
2747,1.0748767
2748,1.2789799
2749,0.7474416
2750,0.67471945
2751,1.0093749
2752,1.9212021
2753,0.5886957
2754,0.7299965
2755,1.1249655
2756,0.46455678
2757,1.6841198
2758,0.47179398
2759,0.7502198
2760,0.45372647
2761,1.4454746
2762,0.9579769
2763,0.56418204
2764,1.3516331
2765,1.3205009
2766,0.48407695
2767,1.0547
2768,0.46819642
2769,0.5164646
2770,0.45161718
2771,0.674309
2772,0.7435331
2773,0.48518166
2774,0.8921928
2775,0.8950355
2776,0.82571757
2777,1.2271408
2778,1.3572717
2779,0.4807802
2780,0.6812922
2781,0.47008842
2782,1.3883375
2783,0.8955648
2784,0.6954215
2785,0.8424425
2786,0.6062891
2787,0.82472277
2788,0.64836836
2789,0.6215804
2790,1.2626809
2791,0.47078323
2792,0.36506817
2793,1.2325215
2794,0.63586026
2795,0.8018072
2796,0.48190707
2797,0.9930616
2798,1.1710008
2799,0.9932303
2800,0.8645571
2801,1.9109807
2802,0.61768496
2803,0.95726645
2804,0.5484364
2805,0.5107535
2806,0.9035443
2807,0.8735201
2808,1.4066619
2809,0.52965134
2810,0.8808723
2811,1.04947
2812,0.5534206
2813,0.82538605
2814,0.66430146
2815,0.7309718
2816,1.0139534
2817,0.87840325
2818,0.5815089
2819,1.3538969
2820,0.7357829
2821,1.7085835
2822,0.40341362
2823,1.2532065
2824,0.86689085
2825,0.88289976
2826,1.2295469
2827,1.261686
2828,0.68035924
2829,1.155038
2830,0.45514295
2831,0.81127137
2832,0.9726532
2833,1.1048828
2834,2.2593977
2835,0.7995229
2836,0.6500884
2837,0.4246104
2838,0.35714808
2839,0.7396825
2840,0.5194593
2841,1.2038832
2842,0.9221086
2843,1.364786
2844,0.53022116
2845,0.78163713
2846,1.2495085
2847,1.4641699
2848,0.56613296
2849,1.1904918
2850,1.6213835
2851,1.5458381
2852,0.3480827
2853,0.55764025
2854,0.59040374
2855,2.8232303
2856,1.1401969
2857,0.44259673
2858,1.6278353
2859,1.1279856
2860,1.5989991
2861,1.3947604
2862,0.6680884
2863,0.8227481
2864,0.32752353
2865,0.36814585
2866,0.8828756
2867,0.8615686
2868,1.2503011
2869,0.75501853
2870,1.4094162
2871,1.4202584
2872,1.2952402
2873,0.7040006
2874,0.5316633
2875,0.8413004
2876,1.224113
2877,0.5666087
2878,0.7544034
2879,0.4853191
2880,1.0773108
2881,0.4243363
2882,0.53343433
2883,0.4370886
2884,1.4931867
2885,0.78197116
2886,0.6338795
2887,0.34936193
2888,0.5353928
2889,0.6959798
2890,1.0417569
2891,0.63053924
2892,0.43811595
2893,0.9960356
2894,0.960991
2895,0.56661737
2896,0.9300431
2897,1.4412502
2898,0.49360758
2899,1.5657395
2900,1.092272
2901,0.967294
2902,0.7906482
2903,0.9807798
2904,0.6776107
2905,0.8195322
2906,0.87334895
2907,0.5278572
2908,0.7985763
2909,0.51806027
2910,0.82332885
2911,0.9120132
2912,0.89852756
2913,0.9290895
2914,1.0040236
2915,1.0590621
2916,0.8153327
2917,0.8684423
2918,1.2768749
2919,0.82448375
2920,1.1230379
2921,0.48889464
2922,1.3071599
2923,0.41532636
2924,0.39516693
2925,1.2194402
2926,0.4990108
2927,0.88794
2928,0.6398963
2929,0.82797337
2930,0.5578411
2931,0.78077006
2932,1.1959655
2933,0.4914922
2934,1.4735835
2935,0.8626168
2936,0.68911886
2937,0.7063951
2938,0.8124786
2939,1.0077003
2940,0.6708188
2941,0.7090892
2942,0.56942457
2943,0.8042893
2944,0.51577157
2945,0.4834533
2946,1.0373647
2947,0.48707816
2948,0.9446226
2949,0.83256924
2950,0.7947179
2951,0.6352639
2952,0.6183961
2953,0.42401958
2954,0.87801725
2955,0.84795314
2956,1.8422205
2957,0.6347747
2958,1.2993215
2959,0.5418564
2960,2.3595936
2961,0.536752
2962,0.48010975
2963,1.1440415
2964,1.956263
2965,0.7755947
2966,1.676374
2967,0.90003407
2968,0.68137836
2969,0.4139266
2970,2.9011836
2971,0.7048851
2972,1.7254022
2973,1.2397687
2974,0.53696454
2975,1.3589641
2976,0.7194533
2977,0.5561617
2978,0.545076
2979,0.6002119
2980,0.81430244
2981,1.2180022
2982,1.0756663
2983,0.9268812
2984,1.1457164
2985,0.9541812
2986,0.57615125
2987,1.8517971
2988,0.54130346
2989,0.5354125
2990,1.9142622
2991,0.93268263
2992,0.7376352
2993,0.46903545
2994,0.76255447
2995,1.0085398
2996,0.5807467
2997,0.88516057
2998,0.9598941
2999,0.56512254
3000,1.94239
3001,0.7584011
3002,0.57956207
3003,0.89012975
3004,1.0114936
3005,1.0916868
3006,1.6886091
3007,0.85204476
3008,1.2580043
3009,0.67342913
3010,1.0359906
3011,0.46043012
3012,0.88385904
3013,0.6222746
3014,0.47469038
3015,0.86655307
3016,1.0332743
3017,0.9562993
3018,0.43224347
3019,0.51786613
3020,0.41895372
3021,1.2682025
3022,0.84094423
3023,0.6407012
3024,0.69319224
3025,1.1918055
3026,0.40858865
3027,0.6072415
3028,0.79905975
3029,0.6733944
3030,1.652199
3031,0.7263782
3032,0.42150122
3033,0.4111063
3034,0.59934396
3035,1.042246
3036,0.7621197
3037,0.6918185
3038,0.46464792
3039,1.2453485
3040,0.713412
3041,0.49438795
3042,1.785536
3043,0.80059636
3044,0.42210978
3045,1.1160657
3046,0.5330698
3047,1.6614776
3048,1.3526158
3049,1.6962093
3050,0.74622774
3051,1.3736798
3052,1.2863413
3053,0.9368277
3054,1.3328193
3055,0.57342947
3056,1.0463452
3057,0.4262445
3058,0.53026134
3059,1.5487176
3060,0.54133344
3061,1.0891082
3062,1.3859098
3063,0.569776
3064,0.5243793
3065,0.55972147
3066,0.6304058
3067,1.3751309
3068,0.56080246
3069,2.4051106
3070,1.1327423
3071,0.4652831
3072,0.38823465
3073,0.5613894
3074,0.8979245
3075,1.0111423
3076,1.0724388
3077,0.5615667
3078,0.64224017
3079,0.474008
3080,1.0051135
3081,0.6061567
3082,1.0373018
3083,1.7418377
3084,1.8374163
3085,1.1303382
3086,0.5044574
3087,0.91518784
3088,1.0543286
3089,1.0336453
3090,1.5095118
3091,0.82264596
3092,1.0460488
3093,0.894966
3094,1.4364787
3095,1.7210698
3096,1.2960895
3097,1.1875421
3098,1.0230887
3099,0.85087067
3100,0.7191773
3101,1.0136644
3102,0.5371508
3103,0.71882766
3104,0.76879543
3105,0.86292166
3106,1.8957032
3107,0.9604152
3108,1.2293545
3109,0.9813813
3110,0.7488536
3111,0.76455367
3112,0.505813
3113,0.6409981
3114,0.7141094
3115,0.6479471
3116,0.98704624
3117,0.5283043
3118,0.7882098
3119,0.8338609
3120,0.62976354
3121,0.8643966
3122,1.2305659
3123,0.86233
3124,0.61918664
3125,0.40782705
3126,0.89788884
3127,1.008931
3128,0.6171339
3129,0.8670798
3130,1.3780292
3131,0.8571246
3132,0.98423094
3133,0.79865867
3134,1.1640488
3135,1.1303432
3136,0.77813476
3137,0.98175514
3138,0.71841156
3139,1.0351112
3140,0.53392303
3141,1.1914808
3142,1.1482704
3143,1.9036199
3144,0.9535546
3145,0.83774364
3146,1.1037631
3147,0.9518022
3148,0.6206365
3149,0.36952558
3150,0.9547938
3151,1.2471323
3152,0.55221945
3153,0.99966305
3154,0.5434615
3155,0.772452
3156,0.8694454
3157,0.61303705
3158,0.54894334
3159,0.6661053
3160,0.74161863
3161,0.4972459
3162,0.6795638
3163,0.40768299
3164,0.7375558
3165,1.2714883
3166,0.75859326
3167,0.40738916
3168,0.44764322
3169,2.4343581
3170,1.3657515
3171,1.0796822
3172,0.5153988
3173,1.0087125
3174,0.9510574
3175,0.89103365
3176,0.95915276
3177,1.4294833
3178,1.0156462
3179,1.435584
3180,0.51262987
3181,0.73465896
3182,0.65438426
3183,0.5825931
3184,1.5469434
3185,1.011312
3186,1.528056
3187,0.32610354
3188,0.5211046
3189,0.6254249
3190,1.6233917
3191,0.47440022
3192,0.61067075
3193,0.72176933
3194,1.2344242
3195,0.8814218
3196,1.0527589
3197,0.61113316
3198,0.7517581
3199,0.72740346
3200,1.020981
3201,1.5190941
3202,0.48322383
3203,0.39496383
3204,0.9955849
3205,0.49459028
3206,0.7800669
3207,0.89705145
3208,1.305677
3209,1.0738014
3210,1.7918692
3211,1.5292655
3212,0.7307248
3213,1.7839146
3214,0.81574106
3215,0.8410483
3216,0.3423057
3217,0.50723433
3218,0.46743897
3219,0.73413736
3220,0.91542226
3221,0.92032856
3222,0.50903314
3223,0.8190178
3224,0.6040127
3225,0.57736754
3226,1.4998708
3227,0.9606176
3228,0.579147
3229,1.1579093
3230,1.1645255
3231,0.33498207
3232,0.6739104
3233,1.3470184
3234,1.1863722
3235,0.89078456
3236,1.1254281
3237,0.4451851
3238,0.95705456
3239,0.3206843
3240,0.41401595
3241,0.79999536
3242,0.8762736
3243,1.1496698
3244,1.3162355
3245,1.0726538
3246,0.97153395
3247,0.54401636
3248,0.979197
3249,0.7154809
3250,1.8013057
3251,0.6887536
3252,1.2024413
3253,0.8484818
3254,1.2997848
3255,0.8807831
3256,0.55231565
3257,1.0439394
3258,2.2512846
3259,0.50744784
3260,1.2241011
3261,0.8601605
3262,0.70998293
3263,1.7754463
3264,1.4475695
3265,1.0202168
3266,0.5309243
3267,1.9264915
3268,0.67404675
3269,0.5840847
3270,1.8946875
3271,0.9383698
3272,0.94184905
3273,0.98165107
3274,1.3667924
3275,0.45436716
3276,1.1623318
3277,0.59366935
3278,1.1468058
3279,1.0934227
3280,1.0765946
3281,0.51360667
3282,1.1195078
3283,0.7291311
3284,0.86881214
3285,0.38514712
3286,1.3128029
3287,1.180805
3288,0.40494117
3289,0.44502038
3290,0.55538386
3291,0.8525912
3292,0.69499314
3293,0.59603626
3294,1.699486
3295,0.6627707
3296,0.32287443
3297,0.9427654
3298,0.34905842
3299,1.3552891
3300,0.94432527
3301,0.48077768
3302,0.59151787
3303,1.0079213
3304,1.3874956
3305,0.8164661
3306,0.48899102
3307,0.44673818
3308,0.47920835
3309,1.5302789
3310,0.7119467
3311,1.2853295
3312,0.6442089
3313,1.0844514
3314,2.392861
3315,0.8304354
3316,0.79115033
3317,0.7899534
3318,0.6121027
3319,1.1624612
3320,0.9451833
3321,0.69341683
3322,1.0933658
3323,1.0746944
3324,0.5354949
3325,0.9748565
3326,0.8177985
3327,0.6740633
3328,0.6315552
3329,0.7548918
3330,0.701585
3331,0.71087706
3332,0.79310787
3333,1.8168786
3334,0.62288296
3335,0.63195336
3336,0.52816945
3337,0.50646776
3338,0.88781595
3339,0.9249101
3340,0.74205345
3341,0.5669062
3342,0.6980289
3343,0.59472656
3344,0.56166786
3345,1.2000889
3346,1.9499851
3347,0.9659861
3348,0.6171485
3349,1.1046039
3350,0.69594026
3351,0.6087792
3352,0.9879891
3353,0.7371607
3354,0.97587895
3355,1.6606544
3356,0.8671635
3357,0.44722587
3358,0.4986842
3359,0.7161169
3360,1.3013291
3361,0.47860277
3362,1.4955455
3363,1.2935883
3364,0.78594476
3365,0.88302773
3366,0.78848046
3367,0.6731156
3368,0.4669976
3369,1.2962043
3370,1.5996985
3371,0.4580065
3372,1.1318048
3373,0.86855996
3374,1.1632917
3375,0.76634
3376,1.9267108
3377,0.49357197
3378,0.6747495
3379,0.5210678
3380,1.0364175
3381,1.4404899
3382,0.7237102
3383,0.52083397
3384,0.33848652
3385,0.70313865
3386,0.56120384
3387,0.6844314
3388,0.5123241
3389,0.5872
3390,0.8559537
3391,0.7870845
3392,0.51669526
3393,0.77894706
3394,1.1096799
3395,0.9470224
3396,1.0278635
3397,0.6448128
3398,0.49483702
3399,0.63700455
3400,1.0406414
3401,0.55031246
3402,1.2106788
3403,0.59221095
3404,1.3087693
3405,0.46218076
3406,0.6976107
3407,0.7220487
3408,0.86587155
3409,0.5605088
3410,0.44222307
3411,0.9919151
3412,0.3361931
3413,0.54462695
3414,0.63934284
3415,1.1370722
3416,0.7613943
3417,0.762379
3418,0.9791647
3419,1.196301
3420,0.71409655
3421,0.5066208
3422,0.53077614
3423,0.529081
3424,0.9125146
3425,0.4698722
3426,0.6547138
3427,0.47776747
3428,1.1344784
3429,0.36424863
3430,0.5588143
3431,0.5477417
3432,0.54838544
3433,1.1343219
3434,0.6766339
3435,0.38665023
3436,0.4647778
3437,1.0153345
3438,1.0981668
3439,0.6322444
3440,0.91864204
3441,0.72330546
3442,1.0773292
3443,0.6189646
3444,0.4601874
3445,1.4662156
3446,1.1465199
3447,0.9408954
3448,0.9806658
3449,1.2359227
3450,0.471324
3451,0.91024494
3452,0.6279457
3453,1.2396318
3454,0.93126035
3455,0.56142664
3456,1.1612333
3457,1.3221158
3458,0.49443856
3459,1.1120496
3460,1.3882947
3461,1.6856631
3462,1.2740417
3463,1.2419478
3464,0.8845418
3465,0.9914036
3466,0.58975685
3467,0.9947614
3468,0.7371375
3469,1.0987554
3470,1.0006918
3471,2.297006
3472,1.1058395
3473,0.6457206
3474,0.67809653
3475,0.80990756
3476,1.1102539
3477,1.534602
3478,0.35607904
3479,0.55984414
3480,0.56275046
3481,1.0881222
3482,2.0494652
3483,0.83901536
3484,0.79832745
3485,1.0508163
3486,0.619476
3487,0.70807457
3488,0.52592385
3489,0.5813952
3490,1.8340118
3491,0.9360406
3492,0.58810127
3493,1.7958034
3494,0.51148504
3495,0.46739545
3496,1.5341824
3497,0.7994203
3498,1.1768398
3499,1.9142737
3500,0.9235316
3501,0.80359566
3502,0.4835996
3503,2.0405006
3504,0.5602501
3505,1.2277483
3506,0.68362576
3507,1.0358682
3508,1.9237696
3509,0.56278396
3510,0.70059156
3511,1.1316322
3512,0.5952197
3513,0.5522734
3514,0.51432866
3515,0.690201
3516,0.8404879
3517,2.054565
3518,1.0267794
3519,0.97457546
3520,0.31658682
3521,1.03501
3522,0.89959157
3523,0.5276604
3524,1.2511826
3525,0.6599265
3526,0.9421199
3527,1.1027334
3528,0.78687364
3529,0.9673368
3530,0.8614422
3531,1.0725483
3532,0.31956026
3533,0.5906794
3534,1.3429313
3535,0.8528461
3536,0.912893
3537,0.59638274
3538,1.7751312
3539,0.5225188
3540,0.81670666
3541,1.5287521
3542,0.4880883
3543,0.46081534
3544,0.59191495
3545,1.3885874
3546,2.2184534
3547,0.91455406
3548,0.5767485
3549,0.8271776
3550,1.0295781
3551,1.0085837
3552,0.49898487
3553,0.39523765
3554,0.9044249
3555,1.7375898
3556,0.5555446
3557,0.46658123
3558,0.7077867
3559,0.45682415
3560,0.57012385
3561,0.4695491
3562,0.54369265
3563,1.0484636
3564,0.6678452
3565,0.9506852
3566,1.0893916
3567,0.52252597
3568,0.5128555
3569,0.6071519
3570,0.6741657
3571,0.6357141
3572,0.9056888
3573,0.48266694
3574,0.84132427
3575,0.58290684
3576,0.9466205
3577,1.029775
3578,0.44806919
3579,0.50685465
3580,1.0246571
3581,0.70572805
3582,2.0095115
3583,0.8295135
3584,0.6364397
3585,1.251668
3586,0.47500348
3587,1.5546517
3588,0.5826296
3589,1.058339
3590,0.5517823
3591,1.0345393
3592,0.65885663
3593,1.1172627
3594,0.74752545
3595,0.5850371
3596,1.1105362
3597,1.51761
3598,1.1618091
3599,0.60749286
3600,0.39543375
3601,0.44233638
3602,0.4782051
3603,1.8020619
3604,0.7289142
3605,0.94619495
3606,0.3818838
3607,1.0834255
3608,0.5979695
3609,0.5174347
3610,0.8220266
3611,1.1525111
3612,0.6117762
3613,1.2068691
3614,0.7043123
3615,1.1173505
3616,1.1919849
3617,0.63366973
3618,0.7657456
3619,0.50764465
3620,0.5554426
3621,0.6668172
3622,0.9085235
3623,0.6134396
3624,0.56141335
3625,0.43885177
3626,0.77166045
3627,0.6621354
3628,0.51435775
3629,1.875112
3630,0.68167114
3631,0.94184846
3632,0.87050027
3633,1.8206056
3634,0.65964675
3635,0.34224728
3636,0.7961125
3637,0.51646274
3638,1.0258751
3639,0.8621988
3640,0.41768292
3641,0.77163035
3642,0.90747106
3643,0.45325392
3644,1.0838637
3645,0.5837099
3646,0.49698174
3647,0.96820074
3648,0.6556707
3649,0.72087514
3650,0.75855637
3651,0.66876316
3652,0.5124164
3653,0.97441536
3654,0.5399721
3655,1.0089383
3656,1.2129277
3657,0.64674044
3658,0.63757986
3659,0.48383203
3660,2.3581936
3661,1.0619661
3662,0.8828502
3663,0.8369632
3664,1.1918576
3665,0.8883806
3666,1.4673256
3667,0.83503443
3668,0.5006596
3669,0.84869397
3670,0.9866505
3671,0.95664304
3672,0.6879001
3673,0.8244282
3674,0.7992394
3675,1.5205604
3676,0.6773645
3677,1.289966
3678,1.0566561
3679,0.55193025
3680,1.8079703
3681,0.42827177
3682,0.78861994
3683,0.7357702
3684,0.71844345
3685,0.5426459
3686,0.73507947
3687,0.56840366
3688,0.543253
3689,1.2674731
3690,0.5912643
3691,0.6678959
3692,0.7279583
3693,0.40044662
3694,0.8674136
3695,0.5671756
3696,0.48371753
3697,0.42834988
3698,0.36620253
3699,1.1094207
3700,0.6120894
3701,0.47136533
3702,1.2380348
3703,1.0577137
3704,1.5165972
3705,0.43322283
3706,1.2561947
3707,0.9787796
3708,0.68371445
3709,0.65886784
3710,0.58780783
3711,0.49072513
3712,0.7138204
3713,0.43768844
3714,0.9494257
3715,1.0379837
3716,0.63775575
3717,0.6458562
3718,1.0159291
3719,0.57436913
3720,0.5998313
3721,0.73834205
3722,0.9974932
3723,1.1765474
3724,0.6351813
3725,0.94290817
3726,1.4005275
3727,1.0399576
3728,0.47183838
3729,0.6437891
3730,0.8696914
3731,0.5813908
3732,2.0699248
3733,0.99232894
3734,0.759464
3735,0.6222801
3736,0.43048382
3737,0.6264873
3738,0.527728
3739,0.5789387
3740,1.2777642
3741,0.51616055
3742,1.7620224
3743,0.23347911
3744,0.9770811
3745,1.9749643
3746,1.8490741
3747,0.58951896
3748,1.1709279
3749,0.90262353
3750,0.5025202
3751,0.5089283
3752,0.5931495
3753,0.75313616
3754,0.92282146
3755,0.78976
3756,1.1256561
3757,0.9366802
3758,0.5801904
3759,0.66403854
3760,0.64603394
3761,0.75393355
3762,1.0377241
3763,0.6317435
3764,1.0446205
3765,0.6249436
3766,0.6178643
3767,1.3648548
3768,0.4726906
3769,0.571195
3770,0.99985456
3771,0.3254611
3772,0.41227052
3773,0.5779304
3774,0.7807232
3775,0.7505964
3776,1.357428
3777,1.451297
3778,0.6787279
3779,1.1170255
3780,0.75065714
3781,0.7417614
3782,1.6282684
3783,0.5801917
3784,0.8386075
3785,1.460115
3786,0.5584909
3787,0.6311387
3788,0.58985585
3789,0.899495
3790,0.61959
3791,0.4000643
3792,0.49242657
3793,0.6972121
3794,1.8559831
3795,1.2197707
3796,0.68250954
3797,0.9516541
3798,0.5798032
3799,0.547706
3800,1.003565
3801,1.9399292
3802,0.47396478
3803,0.922029
3804,0.66957504
3805,1.1661733
3806,1.4338666
3807,1.019414
3808,0.59749824
3809,0.67448723
3810,1.3514512
3811,0.48794517
3812,1.7606605
3813,1.1851162
3814,0.9424385
3815,0.93777907
3816,1.5042179
3817,0.79973644
3818,0.3929241
3819,0.62617314
3820,0.49503863
3821,2.3224838
3822,0.54679364
3823,0.5074806
3824,1.074218
3825,1.2195503
3826,0.57935005
3827,0.8590253
3828,0.8203354
3829,0.73494005
3830,1.1262382
3831,0.6140006
3832,0.94957584
3833,0.53202546
3834,1.636369
3835,1.4008129
3836,0.73522675
3837,1.050604
3838,0.55605835
3839,0.97192866
3840,0.693922
3841,0.500432
3842,0.44879168
3843,0.74470115
3844,1.1325902
3845,0.6972935
3846,0.7676974
3847,0.74248767
3848,1.0499789
3849,0.722401
3850,1.12848
3851,0.6382302
3852,0.45562866
3853,0.6162092
3854,0.98545635
3855,0.49776986
3856,0.92333657
3857,0.533747
3858,0.7412322
3859,0.5102803
3860,0.88826996
3861,1.7358845
3862,1.0002408
3863,0.5215789
3864,0.72267425
3865,1.0339717
3866,1.0121504
3867,0.53883344
3868,0.87852603
3869,0.4554767
3870,0.74673396
3871,1.4497328
3872,0.93254185
3873,1.388898
3874,0.56267494
3875,0.9347371
3876,0.7048785
3877,0.39308536
3878,0.5529825
3879,0.6818857
3880,0.9650065
3881,1.0036612
3882,1.0983368
3883,0.69907963
3884,0.43842396
3885,0.83296776
3886,0.9526375
3887,0.78062123
3888,0.6227739
3889,0.767475
3890,0.48571923
3891,0.6462732
3892,0.5630084
3893,0.7146528
3894,0.7793796
3895,0.5853428
3896,1.0525968
3897,0.9534897
3898,1.2770087
3899,1.6387686
3900,0.3610386
3901,0.4351755
3902,0.5389039
3903,0.616003
3904,0.47573024
3905,0.51747715
3906,1.223512
3907,0.7015455
3908,1.032381
3909,0.6075696
3910,0.82338697
3911,0.53931975
3912,0.6878868
3913,0.5564508
3914,0.42676705
3915,0.66095865
3916,0.7467773
3917,0.7530084
3918,1.0066851
3919,0.470997
3920,1.1376115
3921,0.6390422
3922,0.8474229
3923,0.8677769
3924,0.6864908
3925,1.161803
3926,1.0232852
3927,0.89044833
3928,0.6019452
3929,0.6645994
3930,1.1400758
3931,0.9393783
3932,1.0981392
3933,0.88017625
3934,0.7422904
3935,1.197555
3936,0.8790243
3937,0.9904445
3938,0.57178247
3939,0.4261841
3940,0.94053197
3941,1.0123681
3942,1.0490952
3943,0.6743631
3944,0.8264393
3945,0.66700625
3946,0.6627639
3947,0.67589146
3948,0.57755595
3949,1.1188045
3950,0.5218297
3951,0.8016861
3952,0.44307613
3953,0.64851356
3954,1.0531056
3955,0.5517415
3956,0.5613521
3957,0.9769178
3958,0.7029845
3959,0.39848006
3960,0.57294136
3961,0.5530794
3962,0.48252845
3963,0.9605485
3964,0.87984115
3965,0.62795013
3966,1.7866737
3967,0.8080365
3968,0.73565584
3969,0.77517813
3970,1.3990947
3971,0.8937037
3972,0.78140545
3973,0.9835367
3974,0.59210247
3975,1.2159863
3976,0.95266414
3977,1.0345771
3978,1.6553434
3979,0.59308875
3980,0.80318415
3981,2.395017
3982,0.3981346
3983,1.0111136
3984,0.5610675
3985,0.9489458
3986,1.1493576
3987,1.1610779
3988,1.9909209
3989,0.4853147
3990,1.2393054
3991,0.48276618
3992,0.88023657
3993,0.7101903
3994,1.3324564
3995,1.2269374
3996,0.5572559
3997,1.1687226
3998,0.86425173
3999,1.2302595
4000,0.9746625
4001,0.5580602
4002,1.6382531
4003,0.8216622
4004,0.5067031
4005,0.6769404
4006,0.42869404
4007,1.6623152
4008,0.98972213
4009,1.2957777
4010,0.62261415
4011,0.9272407
4012,0.6383256
4013,0.62725884
4014,0.38629925
4015,0.42928585
4016,0.9469921
4017,0.74895394
4018,1.3114663
4019,0.7377319
4020,0.6598216
4021,0.9863732
4022,1.0191476
4023,1.2797632
4024,0.378048
4025,1.4943423
4026,0.63901675
4027,1.5142485
4028,0.9289831
4029,0.6998311
4030,0.81300217
4031,0.49208552
4032,0.8030086
4033,0.65612096
4034,0.71109223
4035,0.36972016
4036,0.92431486
4037,1.8147913
4038,0.7441636
4039,1.2170435
4040,2.1180215
4041,0.9644017
4042,0.49493435
4043,0.8037057
4044,0.4722275
4045,1.1225863
4046,0.51149535
4047,1.1537914
4048,0.45184302
4049,0.57605594
4050,0.70915836
4051,0.6885618
4052,0.77698916
4053,1.429689
4054,0.5338762
4055,0.8073938
4056,0.8419763
4057,0.83541536
4058,0.75235844
4059,0.5305498
4060,0.9917007
4061,1.5008905
4062,0.7653764
4063,0.6436593
4064,1.0360141
4065,0.7405386
4066,0.43833804
4067,0.73995996
4068,0.7149869
4069,1.0695286
4070,1.2990602
4071,0.4356561
4072,0.6814679
4073,0.52793366
4074,1.1846553
4075,0.7466903
4076,0.68698347
4077,1.2488878
4078,0.68271685
4079,0.4217495
4080,1.7348194
4081,0.44082466
4082,0.476716
4083,0.9215088
4084,0.79580945
4085,0.45527422
4086,1.2660809
4087,0.8958855
4088,0.911317
4089,0.84867257
4090,0.5326136
4091,0.5511415
4092,0.77930033
4093,0.8775431
4094,1.0337956
4095,1.0345683
4096,0.48573405
4097,0.63225186
4098,0.52235514
4099,0.35639414
4100,0.4747414
4101,0.87910795
4102,1.5162679
4103,0.68771803
4104,0.5337346
4105,2.3162658
4106,0.88971186
4107,0.8038399
4108,1.045519
4109,0.49180374
4110,0.86288184
4111,0.8983051
4112,0.5996718
4113,1.2309585
4114,0.98961705
4115,0.85626566
4116,1.1018718
4117,0.51125383
4118,1.2376081
4119,0.64642024
4120,0.30989558
4121,1.6442121
4122,0.72153115
4123,1.0961756
4124,2.3186052
4125,0.5501825
4126,0.89738756
4127,1.1104975
4128,0.48999104
4129,0.5490072
4130,0.35939234
4131,0.47305006
4132,0.8446036
4133,0.64579386
4134,1.7228873
4135,0.7261123
4136,0.8612215
4137,0.83993137
4138,0.96659213
4139,2.7194333
4140,1.7142223
4141,1.2878292
4142,1.9737848
4143,0.61366457
4144,0.2218657
4145,1.1444925
4146,0.78528804
4147,0.49065024
4148,0.78848284
4149,1.1784106
4150,0.560111
4151,0.7179681
4152,1.5582153
4153,1.2322985
4154,2.0967386
4155,1.0450692
4156,0.95007503
4157,0.5370783
4158,1.408057
4159,1.5079843
4160,0.7527049
4161,0.64356863
4162,0.6021613
4163,0.33900955
4164,0.5256495
4165,1.2151585
4166,1.5901424
4167,1.468571
4168,0.43823546
4169,0.7096211
4170,0.42134565
4171,0.7093839
4172,0.6245856
4173,0.71378213
4174,0.7513266
4175,0.56150866
4176,0.5459858
4177,0.45053017
4178,1.3246489
4179,0.5015881
4180,0.6153913
4181,1.0953673
4182,0.5908177
4183,0.4928107
4184,0.7405537
4185,0.4226254
4186,0.5434162
4187,1.8409
4188,1.4240847
4189,0.9740597
4190,1.119561
4191,0.49368078
4192,1.3429991
4193,0.8140918
4194,0.742677
4195,1.0889423
4196,1.0428488
4197,0.4892364
4198,1.8872777
4199,0.4576126
4200,0.5825792
4201,0.5772468
4202,1.3675275
4203,0.9919449
4204,1.0878042
4205,0.6748935
4206,1.5327532
4207,1.273878
4208,0.5904444
4209,0.4671614
4210,0.9261612
4211,0.7168287
4212,0.6825928
4213,0.97670865
4214,0.4630504
4215,0.73793215
4216,2.0462513
4217,1.1077814
4218,0.9898027
4219,1.0730648
4220,0.86869645
4221,1.5439448
4222,1.4821132
4223,0.8526745
4224,0.81899357
4225,0.9055627
4226,1.3218366
4227,0.46489516
4228,0.76073116
4229,1.0224168
4230,0.5072649
4231,0.8790082
4232,0.5175971
4233,0.7656809
4234,0.9866628
4235,0.9183636
4236,0.31672487
4237,0.5646659
4238,0.9083826
4239,1.4068116
4240,0.64815545
4241,0.9684756
4242,0.51926744
4243,1.4130673
4244,1.2404157
4245,0.9680838
4246,1.6026682
4247,1.1640954
4248,0.841855
4249,0.6392121
4250,0.86835974
4251,2.1833892
4252,0.8124104
4253,0.595787
4254,1.1183616
4255,1.0117023
4256,1.2787551
4257,0.4095853
4258,0.71123534
4259,0.6565421
4260,0.71560526
4261,0.97824705
4262,0.65918
4263,0.44715774
4264,1.2966363
4265,0.98724425
4266,1.3839154
4267,1.5873483
4268,0.92615366
4269,0.7490278
4270,1.7247628
4271,1.0734019
4272,0.2859821
4273,0.8995826
4274,0.7916502
4275,1.0116719
4276,2.2678201
4277,0.42246455
4278,0.7148806
4279,0.43308297
4280,1.5277458
4281,1.1237646
4282,0.39555228
4283,0.5370158
4284,0.97664165
4285,1.2962716
4286,0.5282924
4287,0.9302968
4288,1.2106696
4289,0.39702922
4290,0.65659034
4291,1.1197683
4292,0.8711321
4293,0.9783532
4294,0.407136
4295,0.59373766
4296,0.72093624
4297,0.5782697
4298,1.1386874
4299,0.6620053
4300,0.59225285
4301,0.6510639
4302,0.5389948
4303,0.38964054
4304,0.90821433
4305,0.86510605
4306,0.53135943
4307,0.96804523
4308,0.90250146
4309,0.885378
4310,0.66540587
4311,1.2341554
4312,0.49071354
4313,0.38464522
4314,0.7395641
4315,0.80146646
4316,0.86922437
4317,0.7140969
4318,0.44444183
4319,0.61269563
4320,1.161682
4321,0.71772873
4322,0.33794105
4323,0.9452576
4324,1.3374363
4325,0.53364253
4326,0.76080817
4327,0.66206425
4328,0.90913314
4329,0.44317573
4330,1.2612344
4331,0.69484806
4332,1.1194134
4333,0.5120844
4334,0.5072585
4335,0.5841929
4336,0.91620326
4337,0.53647274
4338,0.42559025
4339,0.40834203
4340,1.5601352
4341,0.7797129
4342,0.61829525
4343,1.404216
4344,0.85154533
4345,1.4128016
4346,0.86330956
4347,0.84410095
4348,0.59764934
4349,1.0062844
4350,0.7068023
4351,1.4570974
4352,0.727442
4353,0.7744725
4354,0.7098524
4355,1.1310507
4356,0.47149613
4357,1.2719414
4358,0.5677097
4359,0.5320285
4360,1.4524804
4361,0.7798364
4362,0.40962973
4363,0.86534953
4364,0.66987556
4365,0.9037828
4366,0.9268999
4367,0.78501475
4368,0.5918199
4369,1.1591535
4370,0.5037313
4371,0.7530903
4372,1.4111724
4373,1.0206006
4374,0.54443175
4375,0.9551424
4376,0.47414273
4377,1.2105377
4378,0.8328795
4379,0.37005392
4380,1.7102871
4381,0.5495002
4382,0.32280555
4383,0.6177616
4384,0.7375644
4385,1.8697423
4386,0.9968109
4387,0.69584423
4388,0.85248035
4389,0.9741045
4390,0.40648553
4391,0.9229593
4392,0.47125036
4393,1.150409
4394,0.943375
4395,0.6694976
4396,0.3705882
4397,0.60862195
4398,0.4898903
4399,0.7965166
4400,1.0496236
4401,1.1911229
4402,1.0476993
4403,0.6447967
4404,0.72367275
4405,2.3289628
4406,0.6664666
4407,0.580453
4408,0.7407897
4409,0.63510054
4410,1.1159313
4411,0.44646236
4412,0.42780694
4413,0.600101
4414,0.3684368
4415,2.2825944
4416,1.2938343
4417,0.6821491
4418,0.6055901
4419,0.4271972
4420,1.8625426
4421,1.5822088
4422,0.8013126
4423,1.1635177
4424,0.9208215
4425,0.7406533
4426,0.52338785
4427,0.7959714
4428,0.6921697
4429,0.3823432
4430,0.70677656
4431,0.73439705
4432,2.3901222
4433,0.61187935
4434,1.080429
4435,0.82600576
4436,0.57706463
4437,0.7706494
4438,0.5729204
4439,0.684466
4440,0.59546834
4441,1.641413
4442,0.4174578
4443,0.8096377
4444,1.6388141
4445,0.6916548
4446,0.41946238
4447,0.9979582
4448,0.58306336
4449,1.7040641
4450,1.2262697
4451,1.0819145
4452,1.6600816
4453,0.81622463
4454,0.73238826
4455,0.58080906
4456,0.5798729
4457,1.2672559
4458,0.4274883
4459,0.59801126
4460,1.6225883
4461,1.2814574
4462,0.93490857
4463,0.6923781
4464,0.52955735
4465,0.4476743
4466,0.7146264
4467,1.1538033
4468,0.7289752
4469,1.0604851
4470,0.8413955
4471,0.6408523
4472,2.3360639
4473,1.1519903
4474,0.97188586
4475,0.42914572
4476,0.79375917
4477,0.7162811
4478,0.47838247
4479,0.6323926
4480,0.6878887
4481,1.2458111
4482,1.0778672
4483,1.2502517
4484,1.1805985
4485,1.2515293
4486,0.74324644
4487,0.41331503
4488,0.55660295
4489,0.5708134
4490,0.8418829
4491,1.7580471
4492,0.6959229
4493,0.8204797
4494,1.1726539
4495,0.5484618
4496,0.7925607
4497,0.5328862
4498,0.74802464
4499,1.4603758
4500,0.5572969
4501,0.45297974
4502,0.6339041
4503,1.0005963
4504,0.72016287
4505,1.718161
4506,0.5168387
4507,1.1927671
4508,0.8131442
4509,0.77933395
4510,0.8417685
4511,1.1874133
4512,0.60281867
4513,0.6749669
4514,0.6431793
4515,0.7949708
4516,1.4220076
4517,0.76888794
4518,0.46062157
4519,1.0787859
4520,0.81278116
4521,0.6216826
4522,0.6096882
4523,1.0322828
4524,0.5611267
4525,0.6157098
4526,1.0114437
4527,0.6330907
4528,1.65733
4529,0.38855183
4530,0.5303459
4531,0.62202126
4532,0.9972557
4533,1.2035044
4534,0.67876136
4535,0.486607
4536,0.92874753
4537,0.76104504
4538,0.90587944
4539,0.8198553
4540,1.003697
4541,0.58704424
4542,1.3810161
4543,0.6339058
4544,0.78336024
4545,1.195624
4546,0.9675159
4547,0.7823776
4548,0.83192456
4549,0.7555941
4550,0.28981575
4551,0.72036016
4552,0.566187
4553,0.68087566
4554,0.5774791
4555,1.1062527
4556,0.5719239
4557,1.2842993
4558,0.99899685
4559,1.0241228
4560,0.9400045
4561,0.62089515
4562,0.9757749
4563,0.915659
4564,1.1143676
4565,1.9416381
4566,1.0181446
4567,1.6963383
4568,0.43943828
4569,0.8456323
4570,0.5132527
4571,1.0584342
4572,0.5180262
4573,1.211976
4574,1.0774311
4575,0.9947203
4576,0.70028377
4577,0.7055039
4578,0.6165305
4579,1.3414401
4580,1.2852141
4581,0.72602993
4582,1.067106
4583,0.6057807
4584,0.42166814
4585,0.9569947
4586,1.4978992
4587,0.5979468
4588,0.5777416
4589,1.3710951
4590,0.6115325
4591,1.1162823
4592,1.0772707
4593,0.43048245
4594,0.7333437
4595,1.4125837
4596,0.62754625
4597,1.6906863
4598,0.55155903
4599,1.2690104
4600,0.90499395
4601,0.58507
4602,0.83715135
4603,1.384141
4604,0.77939576
4605,0.9154072
4606,0.6596254
4607,0.9239946
4608,0.6602486
4609,0.5335098
4610,0.91217506
4611,0.719132
4612,1.2978721
4613,1.0800698
4614,0.6091965
4615,1.055513
4616,0.6057491
4617,0.8954291
4618,0.775522
4619,0.5847162
4620,0.5219654
4621,1.5948259
4622,1.5400772
4623,1.013194
4624,1.644136
4625,0.90932155
4626,0.40589082
4627,1.1525589
4628,1.0749904
4629,0.7156399
4630,0.3559043
4631,0.5322582
4632,1.1408299
4633,0.87860525
4634,0.7494021
4635,1.5420786
4636,1.4365457
4637,0.56230795
4638,0.8504688
4639,1.4421678
4640,0.8232463
4641,0.5835038
4642,1.0329983
4643,1.5823919
4644,0.47446212
4645,1.8742746
4646,1.1579293
4647,1.5116264
4648,0.9597631
4649,0.5022215
4650,0.873209
4651,0.9991189
4652,0.5859691
4653,1.2103487
4654,0.69204426
4655,0.69848424
4656,0.5955015
4657,0.53770787
4658,0.4483143
4659,0.6746726
4660,0.5925085
4661,1.0788277
4662,0.65265405
4663,0.9013028
4664,0.78508687
4665,0.95585454
4666,0.8826875
4667,0.76689667
4668,0.5782534
4669,1.1845479
4670,0.5082907
4671,0.73965377
4672,0.55299306
4673,0.8517366
4674,0.5751621
4675,0.5132748
4676,1.0732123
4677,0.5743444
4678,0.51798457
4679,0.73213947
4680,0.6540936
4681,0.37276655
4682,0.76990145
4683,0.9115403
4684,1.0285072
4685,0.65758353
4686,1.2811774
4687,1.1871251
4688,0.8944828
4689,0.7252673
4690,0.41089165
4691,0.6447745
4692,0.3671844
4693,1.6100435
4694,0.62600386
4695,0.7049245
4696,0.75366634
4697,0.75780755
4698,0.8476416
4699,0.38191134
4700,0.7146463
4701,0.59478354
4702,0.48245922
4703,1.2145846
4704,0.9549404
4705,1.4584626
4706,0.77663726
4707,0.6367782
4708,0.6425856
4709,0.3653126
4710,0.7942276
4711,1.4554467
4712,0.34604868
4713,0.46609986
4714,1.0041307
4715,0.772278
4716,0.3902208
4717,0.90813637
4718,1.2095098
4719,1.1623138
4720,0.48023188
4721,0.8475865
4722,0.9143959
4723,0.36167932
4724,0.5107768
4725,0.41175154
4726,0.52864695
4727,0.46577477
4728,0.97940165
4729,0.4012113
4730,0.69532335
4731,0.5646458
4732,0.54961336
4733,0.71395785
4734,1.8048575
4735,0.4300276
4736,0.88608795
4737,1.0435404
4738,0.7377829
4739,1.024334
4740,0.9896778
4741,0.7217216
4742,0.6129848
4743,0.99182945
4744,0.39621708
4745,0.5041354
4746,0.8715667
4747,1.090419
4748,0.43651393
4749,1.52285
4750,0.652563
4751,1.0950294
4752,0.7951607
4753,1.0324123
4754,0.6371875
4755,0.65271294
4756,0.9060229
4757,1.165245
4758,1.3175098
4759,0.5692006
4760,0.45796233
4761,1.1871978
4762,0.7817427
4763,0.85610443
4764,1.5199558
4765,0.6282294
4766,0.6789828
4767,0.7323919
4768,0.75990915
4769,0.86451465
4770,0.91274524
4771,1.4900279
4772,0.47651774
4773,1.8982682
4774,2.057463
4775,0.4953737
4776,0.81453556
4777,0.6360891
4778,0.6554766
4779,1.8709905
4780,0.84360105
4781,1.577316
4782,0.57549405
4783,0.6877019
4784,1.74041
4785,2.1579635
4786,1.7633927
4787,0.69040763
4788,0.4052332
4789,0.9052039
4790,1.620804
4791,0.5681355
4792,1.140758
4793,0.93014663
4794,0.6206244
4795,1.02392
4796,0.8310817
4797,0.62807196
4798,0.41175053
4799,1.5002383
4800,0.84246683
4801,0.97215676
4802,0.75517863
4803,1.0478686
4804,1.011938
4805,1.2021207
4806,0.94649386
4807,0.9373149
4808,0.6060324
4809,1.2210486
4810,0.46590984
4811,0.606568
4812,2.2077267
4813,1.2917962
4814,1.2187505
4815,0.8904989
4816,0.7954832
4817,0.659181
4818,1.3180761
4819,0.9854882
4820,1.0491409
4821,0.5787177
4822,1.8116395
4823,0.8324891
4824,0.628879
4825,0.79238397
4826,0.42948487
4827,0.83694315
4828,0.617969
4829,0.5377372
4830,1.2671493
4831,0.5316204
4832,0.40047994
4833,1.0862312
4834,0.8917577
4835,0.54279643
4836,1.5128094
4837,1.6289734
4838,0.55501187
4839,0.63128453
4840,0.6706517
4841,0.42697302
4842,0.582779
4843,0.477804
4844,0.7369918
4845,1.2159032
4846,0.3189242
4847,0.62094814
4848,0.6026979
4849,0.7707725
4850,0.9178512
4851,0.81037635
4852,0.93404865
4853,0.6094404
4854,0.6151733
4855,2.1854753
4856,1.5202955
4857,0.58209157
4858,0.50531435
4859,1.3724041
4860,1.1345191
4861,0.53846526
4862,1.3462236
4863,0.84519416
4864,0.7984993
4865,0.4403582
4866,0.9360523
4867,0.76345176
4868,0.4135012
4869,0.4341081
4870,1.3968593
4871,0.5648759
4872,0.6477934
4873,0.6561224
4874,0.78721136
4875,0.724531
4876,0.91793865
4877,0.5223349
4878,1.4301349
4879,0.5105484
4880,0.96551955
4881,0.42625836
4882,0.4963435
4883,0.4836334
4884,0.54395264
4885,1.96596
4886,0.50856483
4887,0.620587
4888,0.794412
4889,0.95026535
4890,0.8351944
4891,0.61710626
4892,0.7028377
4893,0.49310932
4894,0.67690074
4895,1.7706965
4896,0.5351855
4897,1.7303365
4898,0.5093968
4899,0.7410901
4900,1.36401
4901,1.0907139
4902,0.74688786
4903,0.41214502
4904,0.9602616
4905,0.56763375
4906,0.92850006
4907,1.1141582
4908,1.651442
4909,0.5241326
4910,0.52905154
4911,1.203394
4912,0.79861134
4913,0.35636386
4914,0.4606935
4915,1.1390485
4916,0.68711734
4917,0.59861505
4918,0.6330434
4919,0.8001131
4920,0.8553309
4921,0.3849178
4922,0.6525746
4923,0.66599625
4924,0.80039084
4925,0.8051595
4926,0.78452957
4927,1.9487361
4928,0.9739815
4929,0.85065496
4930,1.037377
4931,0.46738404
4932,1.0142311
4933,0.8311229
4934,0.33313787
4935,1.7405771
4936,0.3862248
4937,0.9750078
4938,0.64693505
4939,1.5384133
4940,0.8040928
4941,0.7850194
4942,0.58359146
4943,0.7109679
4944,0.5689522
4945,0.540182
4946,1.267619
4947,1.4289327
4948,0.6669613
4949,0.6195715
4950,0.8173334
4951,0.76079947
4952,0.6872165
4953,1.7724404
4954,1.4000379
4955,1.7497345
4956,0.41879597
4957,0.47482666
4958,1.1177609
4959,1.9568491
4960,1.1378545
4961,0.5712785
4962,0.9426932
4963,0.49931383
4964,1.2608031
4965,0.88927543
4966,1.2029632
4967,1.0205369
4968,1.2449806
4969,0.45035374
4970,0.6821653
4971,1.4564638
4972,0.8008706
4973,0.57120645
4974,0.6475392
4975,1.2926456
4976,0.48457718
4977,0.51053905
4978,1.508635
4979,1.8220335
4980,0.9603247
4981,1.1339294
4982,0.58032984
4983,0.571041
4984,0.73934585
4985,2.59157
4986,0.6845943
4987,0.57646406
4988,0.758572
4989,0.5661377
4990,0.4299929
4991,0.71348554
4992,0.61420804
4993,0.7982592
4994,1.8361086
4995,0.4273019
4996,0.6844134
4997,1.0808214
4998,1.4053761
4999,0.5493461
5000,2.3150349
5001,1.4514086
5002,0.80545056
5003,1.7387692
5004,0.74836767
5005,1.5649805
5006,0.5179144
5007,0.61462504
5008,0.61500704
5009,1.2472951
5010,0.8467613
5011,0.7031008
5012,0.559305
5013,0.85980564
5014,0.88259137
5015,0.4919215
5016,0.44380096
5017,2.180764
5018,0.9247815
5019,0.4801592
5020,0.61261433
5021,1.0203669
5022,1.7824892
5023,1.1430467
5024,0.6309877
5025,0.6463672
5026,0.8043428
5027,0.6071247
5028,0.7251291
5029,1.0054737
5030,0.53147554
5031,0.52820027
5032,0.51193005
5033,0.89982283
5034,0.2679177
5035,0.8767396
5036,0.402152
5037,0.65819126
5038,0.6972329
5039,0.54563403
5040,0.61018795
5041,0.589545
5042,0.98984027
5043,0.6024858
5044,0.5167341
5045,0.4220868
5046,0.73939145
5047,0.9268269
5048,1.222156
5049,1.3489932
5050,0.69287425
5051,1.0184401
5052,0.67684054
5053,1.5748277
5054,0.9197327
5055,0.9581402
5056,0.46563736
5057,0.6791999
5058,0.57284963
5059,0.69527197
5060,0.628958
5061,2.1450107
5062,0.6243655
5063,0.8667774
5064,0.8207327
5065,0.59674436
5066,0.5286048
5067,0.7133825
5068,0.77872676
5069,1.1709745
5070,0.4009798
5071,0.7924059
5072,0.95865506
5073,0.3973078
5074,0.8535169
5075,1.2581065
5076,0.58559155
5077,1.2241659
5078,0.7689397
5079,1.2167832
5080,2.2990098
5081,1.1965891
5082,0.4467875
5083,1.9325264
5084,1.2865148
5085,0.8694772
5086,0.9202924
5087,0.87131256
5088,0.530393
5089,0.5396777
5090,0.74847263
5091,1.7333411
5092,0.56438607
5093,0.61623806
5094,0.83958983
5095,0.5046268
5096,0.9478135
5097,0.72139317
5098,0.538208
5099,1.0391818
5100,0.849244
5101,0.5820558
5102,0.6294559
5103,0.53840935
5104,0.57505447
5105,1.4673493
5106,0.49521026
5107,1.1158813
5108,1.0595043
5109,0.57929784
5110,0.6047537
5111,0.50383943
5112,1.6668571
5113,1.6396192
5114,1.0244474
5115,1.0419708
5116,1.1051185
5117,1.8761694
5118,0.50836843
5119,1.7430199
5120,1.1610805
5121,0.5625353
5122,0.5367457
5123,0.41861883
5124,0.3804097
5125,0.523895
5126,0.69611263
5127,0.7611671
5128,2.6029418
5129,0.57320416
5130,0.75981444
5131,0.61945033
5132,0.8424829
5133,0.994624
5134,0.6069809
5135,0.6554883
5136,1.3984634
5137,0.85759336
5138,0.6625535
5139,0.48768193
5140,0.489032
5141,1.3699732
5142,1.3351244
5143,0.5584068
5144,1.3411866
5145,0.7960051
5146,0.7442359
5147,0.5891693
5148,0.7223844
5149,0.3861464
5150,0.60178185
5151,0.47099793
5152,2.2924273
5153,0.34660172
5154,0.5953196
5155,0.4689415
5156,1.0395975
5157,1.3145521
5158,0.5928714
5159,0.44391283
5160,0.4846543
5161,1.3024076
5162,0.3940067
5163,0.6557457
5164,0.71515
5165,1.3570405
5166,0.6027952
5167,0.59343386
5168,0.68792737
5169,0.61338884
5170,1.056224
5171,0.5883676
5172,0.62306106
5173,1.8025172
5174,0.9574142
5175,0.7470868
5176,0.54747736
5177,1.1950904
5178,0.5513996
5179,0.41032842
5180,0.5287783
5181,0.961628
5182,1.0450844
5183,0.44377092
5184,1.0815719
5185,1.3803253
5186,0.7197337
5187,0.90833616
5188,2.087255
5189,1.2504971
5190,0.65239847
5191,0.52784616
5192,1.0056375
5193,0.6549206
5194,0.9292404
5195,0.5065797
5196,0.96257293
5197,0.5695894
5198,0.5844452
5199,0.71416944
5200,1.445592
5201,1.4970013
5202,0.39126468
5203,0.6679844
5204,0.89782184
5205,0.7039133
5206,0.84228104
5207,0.45611137
5208,0.652972
5209,0.5866922
5210,0.53993136
5211,0.55453664
5212,0.6415124
5213,2.6349757
5214,0.6635636
5215,0.69876623
5216,0.87458795
5217,0.90287614
5218,0.7367498
5219,0.57233524
5220,0.5513563
5221,1.1175326
5222,0.6740513
5223,1.1174626
5224,1.4543189
5225,0.95422864
5226,1.0070727
5227,0.48581165
5228,0.6296328
5229,0.61588216
5230,0.5888103
5231,0.4421474
5232,1.1160774
5233,0.6416873
5234,1.0322094
5235,0.8133024
5236,0.8435099
5237,1.4336433
5238,0.6273441
5239,1.0988832
5240,0.6375706
5241,1.811807
5242,0.47835705
5243,1.0055989
5244,0.8227853
5245,1.5316712
5246,0.6962531
5247,0.7981952
5248,0.6083944
5249,0.7203311
5250,1.1957259
5251,0.58785456
5252,0.721336
5253,0.95765924
5254,0.42301348
5255,0.5869834
5256,0.89103776
5257,0.565936
5258,0.67343867
5259,0.4946431
5260,0.5465876
5261,0.62444705
5262,0.48836002
5263,0.8451444
5264,1.2331568
5265,0.9053879
5266,1.020955
5267,0.4688645
5268,0.44741085
5269,0.52381575
5270,1.7872686
5271,1.127237
5272,1.5012132
5273,1.2992499
5274,0.923362
5275,0.39103353
5276,0.64210653
5277,0.47343293
5278,1.0934585
5279,1.0680729
5280,0.46123323
5281,1.3316264
5282,0.56474024
5283,0.754746
5284,2.4536138
5285,1.332392
5286,0.8301365
5287,2.1247313
5288,2.0600777
5289,0.8924507
5290,0.51759475
5291,1.042203
5292,0.7786925
5293,0.8013696
5294,0.9953569
5295,0.8976648
5296,0.58918375
5297,0.6267707
5298,1.0474931
5299,0.36668438
5300,0.590382
5301,0.62858987
5302,1.0574923
5303,0.5964378
5304,0.48913163
5305,0.5905173
5306,0.4989117
5307,0.8211205
5308,0.6156228
5309,0.60326403
5310,0.9128762
5311,0.63592285
5312,1.3276728
5313,0.66659635
5314,1.0379956
5315,1.0456307
5316,0.518527
5317,0.7228239
5318,0.47487077
5319,1.6177027
5320,0.9992868
5321,0.40616152
5322,0.6901984
5323,1.0377237
5324,1.0678366
5325,0.5559985
5326,1.2935412
5327,0.95737267
5328,0.6085299
5329,1.1810671
5330,0.63828474
5331,0.63520366
5332,1.2143655
5333,0.75672626
5334,0.8810592
5335,0.65486586
5336,1.099088
5337,0.7893793
5338,0.49431708
5339,1.0305837
5340,0.7377125
5341,1.0525763
5342,0.43492293
5343,1.3073381
5344,1.3070791
5345,0.8734587
5346,1.2343634
5347,0.6415355
5348,1.0289495
5349,1.0082375
5350,0.54853714
5351,1.043467
5352,0.48791906
5353,0.7311184
5354,0.9762749
5355,0.5181394
5356,1.9526962
5357,0.5714925
5358,1.0486813
5359,1.1928723
5360,0.57946414
5361,0.5894432
5362,1.0496964
5363,1.10164
5364,0.74166447
5365,1.1321337
5366,0.5606254
5367,0.6449428
5368,0.8048867
5369,1.1322975
5370,1.0624669
5371,0.5762858
5372,0.58293295
5373,0.790165
5374,1.5861657
5375,0.57766634
5376,1.0937608
5377,0.51319164
5378,1.112106
5379,0.5949481
5380,0.5526291
5381,0.62394685
5382,1.3096716
5383,0.45655134
5384,1.280871
5385,0.47226304
5386,0.30287468
5387,0.6259672
5388,0.9454293
5389,1.0094956
5390,0.4827054
5391,0.57192695
5392,1.2552722
5393,1.1190798
5394,0.7930329
5395,0.90252906
5396,0.5970197
5397,1.1112264
5398,0.8173888
5399,1.1004618
5400,1.0608006
5401,0.5810055
5402,0.60587037
5403,0.656934
5404,0.92498606
5405,1.2416406
5406,0.6635463
5407,0.81822085
5408,0.5589287
5409,0.9031056
5410,0.4897069
5411,0.4708869
5412,2.4500217
5413,0.35474005
5414,0.68050826
5415,1.0844154
5416,0.41152364
5417,1.1213114
5418,0.2637016
5419,1.037246
5420,0.4529725
5421,0.4139202
5422,0.58783174
5423,0.5578608
5424,1.432824
5425,0.9628141
5426,2.0207207
5427,0.40971872
5428,1.2340826
5429,1.1674948
5430,0.7329208
5431,0.6811148
5432,1.1355916
5433,0.5358067
5434,0.6752111
5435,0.6182626
5436,0.8236553
5437,0.87217176
5438,0.94620806
5439,0.4212154
5440,0.9794374
5441,0.655533
5442,0.36917016
5443,1.1804092
5444,0.70455164
5445,0.85351384
5446,0.9938135
5447,0.5122647
5448,0.95310503
5449,1.2844648
5450,0.3875558
5451,1.7172589
5452,0.6869861
5453,0.2582335
5454,2.4006586
5455,1.4920064
5456,0.5481167
5457,0.77826065
5458,1.0230108
5459,0.58472246
5460,0.9136292
5461,2.2382395
5462,2.0033555
5463,0.63780975
5464,0.58272296
5465,0.7363567
5466,1.2525394
5467,0.967319
5468,1.0612031
5469,0.72541416
5470,0.8500501
5471,0.92847866
5472,1.0014087
5473,0.52208316
5474,0.9851036
5475,0.4684803
5476,0.72973466
5477,0.51152474
5478,0.7604158
5479,1.2413282
5480,0.6535668
5481,0.84517574
5482,1.4299846
5483,0.6297462
5484,1.2405728
5485,1.0315975
5486,0.70442724
5487,0.62208146
5488,1.6436213
5489,1.2588398
5490,1.0474977
5491,0.5151226
5492,0.42775053
5493,0.6744403
5494,1.1686051
5495,0.73872346
5496,0.5314819
5497,0.75062984
5498,0.5274663
5499,1.0005021
5500,0.5679053
